"Client_Contact__c","CreatedById","CreatedDate","CurrencyIsoCode","Currency_Type__c","Id","Invoice_Amount_C__c","Invoice_Amount__c","Invoice_Date__c","IsDeleted","LastActivityDate","LastModifiedById","LastModifiedDate","Name","Opportunity__c","Payment_Term__c","Receipt_Amount_C__c","Receipt_Amount__c","Receipt_Date__c","SB_InvoiceId__c","SOW__c","Status__c","SystemModstamp"
"","005VV0000014nmLYAQ","2025-07-07T09:37:10.000Z","USD","USD","a0iVV000002iFdJYAU","60816.0","60816.0","2025-06-30","false","","005VV0000014nmLYAQ","2025-09-26T06:35:27.000Z","SBI-0003","","Auto","60816.0","60816.0","","I-270","a0jVV0000015JvbYAE","Invoiced","2025-09-26T06:35:27.000Z"
"","005VV0000014nmLYAQ","2025-07-07T09:37:10.000Z","USD","USD","a0iVV000002iFdKYAU","0.0","0.0","","false","","005VV0000014nmLYAQ","2025-09-26T06:35:27.000Z","SBI-0004","","45","0.0","0.0","","I-158","a0jVV000002bMGcYAM","Resolved-Paid","2025-09-26T06:35:27.000Z"
"","005VV0000014nmLYAQ","2025-07-07T09:37:10.000Z","USD","USD","a0iVV000002iFdLYAU","0.0","0.0","","false","","005VV0000014nmLYAQ","2025-09-26T06:35:27.000Z","SBI-0005","","30","0.0","0.0","","I-240","a0jVV000002bMGsYAM","Pending-Overdue","2025-09-26T06:35:27.000Z"
"","005VV0000014nmLYAQ","2025-07-07T09:37:10.000Z","USD","USD","a0iVV000002iFdMYAU","","0.0","","false","","005VV0000014nmLYAQ","2025-09-26T06:35:27.000Z","SBI-0006","","30","0.0","0.0","","I-58","a0jVV000002bMH1YAM","Resolved-Paid","2025-09-26T06:35:27.000Z"
"","005VV0000014nmLYAQ","2025-07-07T09:37:10.000Z","USD","","a0iVV000002iFdNYAU","","","","false","","005VV0000014nmLYAQ","2025-09-26T06:35:27.000Z","SBI-0007","","Auto","0.0","0.0","","I-4","a0jVV000002bMHNYA2","Resolved-Paid","2025-09-26T06:35:27.000Z"
"","005VV0000014nmLYAQ","2025-07-07T09:37:10.000Z","USD","USD","a0iVV000002iFdOYAU","0.0","0.0","","false","","005VV0000014nmLYAQ","2025-09-26T06:35:27.000Z","SBI-0008","","Auto","0.0","0.0","","I-5","a0jVV000002bMHNYA2","Invoiced","2025-09-26T06:35:27.000Z"
"","005VV0000014nmLYAQ","2025-07-07T09:37:10.000Z","USD","USD","a0iVV000002iFdQYAU","0.0","0.0","","false","","005VV0000014nmLYAQ","2025-09-26T06:35:27.000Z","SBI-0010","","Auto","0.0","0.0","","I-10","a0jVV000002bMHOYA2","Resolved-Paid","2025-09-26T06:35:27.000Z"
"","005VV0000014nmLYAQ","2025-07-07T09:37:10.000Z","USD","USD","a0iVV000002iFdRYAU","0.0","0.0","","false","","005VV0000014nmLYAQ","2025-09-26T06:35:27.000Z","SBI-0011","","Auto","0.0","0.0","","I-9","a0jVV000002bMHOYA2","Resolved-Paid","2025-09-26T06:35:27.000Z"
"","005VV0000014nmLYAQ","2025-07-07T09:49:51.000Z","USD","USD","a0iVV000002iFhhYAE","","323400.0","2024-11-09","false","","005VV0000014nmLYAQ","2025-09-26T06:35:27.000Z","SBI-0184","","Auto","","323400.0","2025-01-09","I-3","a0jVV000002bMHNYA2","Resolved-Paid","2025-09-26T06:35:27.000Z"
"","005VV0000014nmLYAQ","2025-07-07T09:49:51.000Z","USD","USD","a0iVV000002iFhiYAE","","48846.0","2025-01-31","false","","005VV0000014nmLYAQ","2025-09-26T06:35:27.000Z","SBI-0185","","30","47915.6","47915.6","2025-07-25","I-30","a0jVV000002bMGnYAM","Resolved-Paid","2025-09-26T06:35:27.000Z"
"","005VV0000014nmLYAQ","2025-07-07T09:49:51.000Z","USD","USD","a0iVV000002iFhjYAE","","125685.0","2025-01-31","false","","005VV0000014nmLYAQ","2025-09-26T06:35:27.000Z","SBI-0186","","30","","123291.0","2025-04-16","I-14","a0jVV000002bMGoYAM","Resolved-Paid","2025-09-26T06:35:27.000Z"
"","005VV0000014nmLYAQ","2025-07-07T09:49:51.000Z","USD","USD","a0iVV000002iFhkYAE","","44310.0","2025-02-28","false","","005VV0000014nmLYAQ","2025-09-26T06:35:27.000Z","SBI-0187","","30","43466.0","43466.0","2025-07-25","I-80","a0jVV000002bMGnYAM","Open","2025-09-26T06:35:27.000Z"
"","005VV0000014nmLYAQ","2025-07-07T09:49:51.000Z","USD","USD","a0iVV000002iFhlYAE","","130233.0","2025-02-28","false","","005VV0000014nmLYAQ","2025-09-26T06:35:27.000Z","SBI-0188","","30","","127752.96","2025-04-16","I-82","a0jVV000002bMGoYAM","Resolved-Paid","2025-09-26T06:35:27.000Z"
"","005VV0000014nmLYAQ","2025-07-07T09:49:51.000Z","USD","USD","a0iVV000002iFhmYAE","","134423.1","2025-03-31","false","","005VV0000014nmLYAQ","2025-09-26T06:35:27.000Z","SBI-0189","","30","","131862.66","2025-04-16","I-132","a0jVV000002bMGoYAM","Resolved-Paid","2025-09-26T06:35:27.000Z"
"","005VV0000014nmLYAQ","2025-07-07T09:49:51.000Z","USD","USD","a0iVV000002iFhnYAE","","42840.0","2025-03-31","false","","005VV0000014nmLYAQ","2025-09-26T06:35:27.000Z","SBI-0190","","30","42024.0","42024.0","2015-07-25","I-136","a0jVV000002bMGnYAM","Resolved-Paid","2025-09-26T06:35:27.000Z"
"","005VV0000014nmLYAQ","2025-07-07T09:49:51.000Z","USD","USD","a0iVV000002iFhoYAE","","136537.8","2025-04-30","false","","005VV0000014nmLYAQ","2025-09-26T06:35:27.000Z","SBI-0191","","30","","133937.08","2025-05-14","I-178","a0jVV000002bMGoYAM","Pending-Overdue","2025-09-26T06:35:27.000Z"
"","005VV0000014nmLYAQ","2025-07-07T09:49:51.000Z","USD","USD","a0iVV000002iFhpYAE","","42550.2","2025-01-31","false","","005VV0000014nmLYAQ","2025-09-26T06:35:27.000Z","SBI-0192","","30","","42550.2","","I-55","a0jVV000002bMH1YAM","Resolved-Paid","2025-09-26T06:35:27.000Z"
"","005VV0000014nmLYAQ","2025-07-07T09:49:51.000Z","USD","USD","a0iVV000002iFhqYAE","","105897.7","2024-10-31","false","","005VV0000014nmLYAQ","2025-09-26T06:35:27.000Z","SBI-0193","","45","","105897.7","2025-03-13","I-126","a0jVV000002bMGpYAM","Resolved-Paid","2025-09-26T06:35:27.000Z"
"","005VV0000014nmLYAQ","2025-07-07T09:49:51.000Z","USD","USD","a0iVV000002iFhrYAE","","12040.0","2024-10-31","false","","005VV0000014nmLYAQ","2025-09-26T06:35:27.000Z","SBI-0194","","30","","12040.0","","I-70","a0jVV000002bMH3YAM","Pending-Overdue","2025-09-26T06:35:27.000Z"
"","005VV0000014nmLYAQ","2025-07-07T09:49:51.000Z","USD","USD","a0iVV000002iFhsYAE","","270000.0","2024-12-31","false","","005VV0000014nmLYAQ","2025-09-26T06:35:27.000Z","SBI-0195","","30","","270000.0","2025-01-28","I-1","a0jVV000002bMGxYAM","Resolved-Paid","2025-09-26T06:35:27.000Z"
"","005VV0000014nmLYAQ","2025-07-07T09:49:51.000Z","USD","USD","a0iVV000002iFhtYAE","","275280.0","2025-01-30","false","","005VV0000014nmLYAQ","2025-09-26T06:35:27.000Z","SBI-0196","","30","","275280.0","2025-02-27","I-17","a0jVV0000015JwHYAU","Pending-Overdue","2025-09-26T06:35:27.000Z"
"","005VV0000014nmLYAQ","2025-07-07T09:49:51.000Z","USD","USD","a0iVV000002iFhuYAE","","90720.0","2025-01-30","false","","005VV0000014nmLYAQ","2025-09-26T06:35:27.000Z","SBI-0197","","30","","90720.0","2025-02-27","I-18","a0jVV0000015JvkYAE","Pending-Overdue","2025-09-26T06:35:27.000Z"
"","005VV0000014nmLYAQ","2025-07-07T09:49:51.000Z","USD","USD","a0iVV000002iFhvYAE","","38240.0","2025-01-31","false","","005VV0000014nmLYAQ","2025-09-26T06:35:27.000Z","SBI-0198","","30","","38240.0","2025-02-28","I-19","a0jVV000002bMoRYAU","Pending-Overdue","2025-09-26T06:35:27.000Z"
"","005VV0000014nmLYAQ","2025-07-07T09:49:51.000Z","USD","USD","a0iVV000002iFhwYAE","","66080.0","2025-01-31","false","","005VV0000014nmLYAQ","2025-09-26T06:35:27.000Z","SBI-0199","","","","66080.0","2025-02-25","I-20","a0jVV000002bMGjYAM","Pending-Overdue","2025-09-26T06:35:27.000Z"
"","005VV0000014nmLYAQ","2025-07-07T09:49:51.000Z","USD","USD","a0iVV000002iFhxYAE","","102120.0","2025-01-31","false","","005VV0000014nmLYAQ","2025-09-26T06:35:27.000Z","SBI-0200","","","","102120.0","2025-02-25","I-52","a0jVV000002bMGkYAM","Invoiced","2025-09-26T06:35:27.000Z"
"","005VV0000014nmLYAQ","2025-07-07T09:49:51.000Z","USD","USD","a0iVV000002iFhyYAE","","171158.0","2025-01-31","false","","005VV0000014nmLYAQ","2025-09-26T06:35:27.000Z","SBI-0201","","30","","171158.0","2025-03-12","I-33","a0jVV000002bMGZYA2","Pending-Overdue","2025-09-26T06:35:27.000Z"
"","005VV0000014nmLYAQ","2025-07-07T09:49:51.000Z","USD","USD","a0iVV000002iFhzYAE","","61800.0","2025-01-31","false","","005VV0000014nmLYAQ","2025-09-26T06:35:27.000Z","SBI-0202","","Auto","","61800.0","2025-04-25","I-38","a0jVV0000015JvaYAE","Invoiced","2025-09-26T06:35:27.000Z"
"","005VV0000014nmLYAQ","2025-07-07T09:49:51.000Z","USD","USD","a0iVV000002iFi0YAE","","60208.0","2025-01-31","false","","005VV0000014nmLYAQ","2025-09-26T06:35:27.000Z","SBI-0203","","Auto","","60208.0","2025-04-22","I-39","a0jVV0000015JvbYAE","Open","2025-09-26T06:35:27.000Z"
"","005VV0000014nmLYAQ","2025-07-07T09:49:51.000Z","USD","","a0iVV000002iFi1YAE","","32952.0","2025-01-31","false","","005VV0000014nmLYAQ","2025-09-26T06:35:27.000Z","SBI-0204","","Auto","","32952.0","2025-04-25","I-40","a0jVV0000015JvcYAE","Resolved-Paid","2025-09-26T06:35:27.000Z"
"","005VV0000014nmLYAQ","2025-07-07T09:49:51.000Z","USD","USD","a0iVV000002iFi2YAE","","23912.0","2025-01-31","false","","005VV0000014nmLYAQ","2025-09-26T06:35:27.000Z","SBI-0205","","Auto","","23912.0","2025-04-22","I-45","a0jVV0000015JveYAE","Pending-Overdue","2025-09-26T06:35:27.000Z"
"","005VV0000014nmLYAQ","2025-07-07T09:49:51.000Z","USD","USD","a0iVV000002iFi3YAE","","31088.0","2025-01-31","false","","005VV0000014nmLYAQ","2025-09-26T06:35:27.000Z","SBI-0206","","Auto","","31088.0","2025-04-22","I-49","a0jVV0000015JvhYAE","Invoiced","2025-09-26T06:35:27.000Z"
"","005VV0000014nmLYAQ","2025-07-07T09:49:51.000Z","USD","USD","a0iVV000002iFi4YAE","","132480.0","2025-01-31","false","","005VV0000014nmLYAQ","2025-09-26T06:35:27.000Z","SBI-0207","","Auto","","132480.0","2025-03-03","I-21","a0jVV000002bMHNYA2","Pending-Overdue","2025-09-26T06:35:27.000Z"
"","005VV0000014nmLYAQ","2025-07-07T09:49:51.000Z","USD","USD","a0iVV000002iFi5YAE","","287096.0","2025-01-31","false","","005VV0000014nmLYAQ","2025-09-26T06:35:27.000Z","SBI-0208","","Auto","","287096.0","2025-03-03","I-53","a0jVV000002bMHOYA2","Resolved-Paid","2025-09-26T06:35:27.000Z"
"","005VV0000014nmLYAQ","2025-07-07T09:49:51.000Z","USD","USD","a0iVV000002iFi6YAE","","60912.0","2025-01-31","false","","005VV0000014nmLYAQ","2025-09-26T06:35:27.000Z","SBI-0209","","45","","60912.0","2025-03-12","I-42","a0jVV000002bMGmYAM","Pending-Overdue","2025-09-26T06:35:27.000Z"
"","005VV0000014nmLYAQ","2025-07-07T09:49:51.000Z","USD","USD","a0iVV000002iFi7YAE","","166930.0","2025-01-31","false","","005VV0000014nmLYAQ","2025-09-26T06:35:27.000Z","SBI-0210","","30","","166930.0","2025-02-15","I-56","a0jVV000002bMHQYA2","Resolved-Paid","2025-09-26T06:35:27.000Z"
"","005VV0000014nmLYAQ","2025-07-07T09:49:51.000Z","USD","USD","a0iVV000002iFi8YAE","","233760.0","2025-01-31","false","","005VV0000014nmLYAQ","2025-09-26T06:35:27.000Z","SBI-0211","","45","","233760.0","2025-03-12","I-34","a0jVV000002bMGdYAM","Resolved-Paid","2025-09-26T06:35:27.000Z"
"","005VV0000014nmLYAQ","2025-07-07T09:49:51.000Z","USD","USD","a0iVV000002iFi9YAE","","45360.0","2024-01-31","false","","005VV0000014nmLYAQ","2025-09-26T06:35:27.000Z","SBI-0212","","45","","45360.0","2025-02-21","I-63","a0jVV000002bMGiYAM","Resolved-Paid","2025-09-26T06:35:27.000Z"
"","005VV0000014nmLYAQ","2025-07-07T09:49:51.000Z","USD","USD","a0iVV000002iFiAYAU","","109400.0","2025-01-31","false","","005VV0000014nmLYAQ","2025-09-26T06:35:27.000Z","SBI-0213","","45","","109400.0","2025-03-12","I-65","a0jVV000002bMGhYAM","Pending-Overdue","2025-09-26T06:35:27.000Z"
"","005VV0000014nmLYAQ","2025-07-07T09:49:51.000Z","USD","USD","a0iVV000002iFiBYAU","","109400.0","2025-01-31","false","","005VV0000014nmLYAQ","2025-09-26T06:35:27.000Z","SBI-0214","","45","","109400.0","2025-03-12","I-66","a0jVV000002bMGeYAM","Pending-Overdue","2025-09-26T06:35:27.000Z"
"","005VV0000014nmLYAQ","2025-07-07T09:49:51.000Z","USD","USD","a0iVV000002iFiCYAU","","25200.0","2025-01-31","false","","005VV0000014nmLYAQ","2025-09-26T06:35:27.000Z","SBI-0215","","45","","25200.0","2025-03-26","I-37","a0jVV000002bMGfYAM","Invoiced","2025-09-26T06:35:27.000Z"
"","005VV0000014nmLYAQ","2025-07-07T09:49:51.000Z","USD","","a0iVV000002iFiDYAU","","42896.0","2025-01-31","false","","005VV0000014nmLYAQ","2025-09-26T06:35:27.000Z","SBI-0216","","Auto","","42896.0","2025-04-04","I-41","a0jVV0000015JvjYAE","Resolved-Paid","2025-09-26T06:35:27.000Z"
"","005VV0000014nmLYAQ","2025-07-07T09:49:51.000Z","USD","USD","a0iVV000002iFiEYAU","","50448.0","2025-01-31","false","","005VV0000014nmLYAQ","2025-09-26T06:35:27.000Z","SBI-0217","","Auto","","50448.0","2025-04-04","I-43","a0jVV000002bMGXYA2","Open","2025-09-26T06:35:27.000Z"
"","005VV0000014nmLYAQ","2025-07-07T09:49:51.000Z","USD","USD","a0iVV000002iFiFYAU","","19200.0","2025-01-31","false","","005VV0000014nmLYAQ","2025-09-26T06:35:27.000Z","SBI-0218","","Auto","","19200.0","2025-04-04","I-44","a0jVV0000015JvdYAE","Open","2025-09-26T06:35:27.000Z"
"","005VV0000014nmLYAQ","2025-07-07T09:49:51.000Z","USD","USD","a0iVV000002iFiGYAU","","28104.0","2025-01-31","false","","005VV0000014nmLYAQ","2025-09-26T06:35:27.000Z","SBI-0219","","Auto","","28104.0","2025-04-04","I-47","a0jVV0000015JvfYAE","Invoiced","2025-09-26T06:35:27.000Z"
"","005VV0000014nmLYAQ","2025-07-07T09:49:51.000Z","USD","USD","a0iVV000002iFiHYAU","","22624.0","2025-01-31","false","","005VV0000014nmLYAQ","2025-09-26T06:35:27.000Z","SBI-0220","","Auto","","22624.0","2025-04-04","I-48","a0jVV0000015JvgYAE","Invoiced","2025-09-26T06:35:27.000Z"
"","005VV0000014nmLYAQ","2025-07-07T09:49:51.000Z","USD","USD","a0iVV000002iFiIYAU","","29168.0","2025-01-31","false","","005VV0000014nmLYAQ","2025-09-26T06:35:27.000Z","SBI-0221","","Auto","","29168.0","2025-04-04","I-50","a0jVV0000015JviYAE","Invoiced","2025-09-26T06:35:27.000Z"
"","005VV0000014nmLYAQ","2025-07-07T09:49:51.000Z","USD","USD","a0iVV000002iFiJYAU","","26000.0","2025-01-31","false","","005VV0000014nmLYAQ","2025-09-26T06:35:27.000Z","SBI-0222","","30","","26000.0","2025-02-26","I-62","a0jVV000002bMGwYAM","Resolved-Paid","2025-09-26T06:35:27.000Z"
"","005VV0000014nmLYAQ","2025-07-07T09:49:51.000Z","USD","USD","a0iVV000002iFiKYAU","","170280.0","2025-01-31","false","","005VV0000014nmLYAQ","2025-09-26T06:35:27.000Z","SBI-0223","","30","","170280.0","2025-02-26","I-75","a0jVV000002bMGvYAM","Open","2025-09-26T06:35:27.000Z"
"","005VV0000014nmLYAQ","2025-07-07T09:49:51.000Z","USD","USD","a0iVV000002iFiLYAU","","56892.0","2025-02-28","false","","005VV0000014nmLYAQ","2025-09-26T06:35:27.000Z","SBI-0224","","45","","56892.0","2025-04-10","I-79","a0jVV000002bMGmYAM","Open","2025-09-26T06:35:27.000Z"
"","005VV0000014nmLYAQ","2025-07-07T09:49:51.000Z","USD","USD","a0iVV000002iFiMYAU","","39616.0","2025-02-28","false","","005VV0000014nmLYAQ","2025-09-26T06:35:27.000Z","SBI-0225","","Auto","","39616.0","2025-04-28","I-7","a0jVV000002bMHNYA2","Pending-Overdue","2025-09-26T06:35:27.000Z"
"","005VV0000014nmLYAQ","2025-07-07T09:49:51.000Z","USD","USD","a0iVV000002iFiNYAU","","247808.0","2025-02-28","false","","005VV0000014nmLYAQ","2025-09-26T06:35:27.000Z","SBI-0226","","Auto","","247808.0","2025-04-28","I-83","a0jVV000002bMHOYA2","Resolved-Paid","2025-09-26T06:35:27.000Z"
"","005VV0000014nmLYAQ","2025-07-07T09:49:51.000Z","USD","USD","a0iVV000002iFiOYAU","","144270.0","2025-02-28","false","","005VV0000014nmLYAQ","2025-09-26T06:35:27.000Z","SBI-0227","","30","","144270.0","2025-03-15","I-94","a0jVV000002bMHQYA2","Resolved-Paid","2025-09-26T06:35:27.000Z"
"","005VV0000014nmLYAQ","2025-07-07T09:49:51.000Z","USD","USD","a0iVV000002iFiPYAU","","153125.0","2025-02-28","false","","005VV0000014nmLYAQ","2025-09-26T06:35:27.000Z","SBI-0228","","30","","153125.0","2025-03-26","I-103","a0jVV000002bMGZYA2","Resolved-Paid","2025-09-26T06:35:27.000Z"
"","005VV0000014nmLYAQ","2025-07-07T09:49:51.000Z","USD","USD","a0iVV000002iFiQYAU","","60560.0","2025-02-28","false","","005VV0000014nmLYAQ","2025-09-26T06:35:27.000Z","SBI-0229","","","","60560.0","2025-03-26","I-114","a0jVV000002bMGjYAM","Resolved-Paid","2025-09-26T06:35:27.000Z"
"","005VV0000014nmLYAQ","2025-07-07T09:49:51.000Z","USD","USD","a0iVV000002iFiRYAU","","86020.0","2025-02-28","false","","005VV0000014nmLYAQ","2025-09-26T06:35:27.000Z","SBI-0230","","","","86020.0","2025-02-28","I-115","a0jVV000002bMGkYAM","Resolved-Paid","2025-09-26T06:35:27.000Z"
"","005VV0000014nmLYAQ","2025-07-07T09:49:51.000Z","USD","USD","a0iVV000002iFiSYAU","","341500.0","2025-02-28","false","","005VV0000014nmLYAQ","2025-09-26T06:35:27.000Z","SBI-0231","","30","","341500.0","2025-03-28","I-118","a0jVV000002bMGvYAM","Resolved-Paid","2025-09-26T06:35:27.000Z"
"","005VV0000014nmLYAQ","2025-07-07T09:49:51.000Z","USD","USD","a0iVV000002iFiTYAU","","84000.0","2025-02-28","false","","005VV0000014nmLYAQ","2025-09-26T06:35:27.000Z","SBI-0232","","30","","84000.0","2025-03-28","I-119","a0jVV000002bMGwYAM","Resolved-Paid","2025-09-26T06:35:27.000Z"
"","005VV0000014nmLYAQ","2025-07-07T09:49:51.000Z","USD","USD","a0iVV000002iFiUYAU","","55200.0","2025-02-28","false","","005VV0000014nmLYAQ","2025-09-26T06:35:27.000Z","SBI-0233","","Auto","","55200.0","2025-04-25","I-97","a0jVV0000015JvbYAE","Pending-Overdue","2025-09-26T06:35:27.000Z"
"","005VV0000014nmLYAQ","2025-07-07T09:49:51.000Z","USD","USD","a0iVV000002iFiVYAU","","41192.0","2025-02-28","false","","005VV0000014nmLYAQ","2025-09-26T06:35:27.000Z","SBI-0234","","Auto","","41192.0","2025-04-25","I-105","a0jVV0000015JvjYAE","Resolved-Paid","2025-09-26T06:35:27.000Z"
"","005VV0000014nmLYAQ","2025-07-07T09:49:51.000Z","USD","USD","a0iVV000002iFiWYAU","","23312.0","2025-02-28","false","","005VV0000014nmLYAQ","2025-09-26T06:35:27.000Z","SBI-0235","","Auto","","23312.0","2025-04-25","I-112","a0jVV0000015JviYAE","Resolved-Paid","2025-09-26T06:35:27.000Z"
"","005VV0000014nmLYAQ","2025-07-07T09:49:51.000Z","USD","USD","a0iVV000002iFiXYAU","","30880.0","2025-02-28","false","","005VV0000014nmLYAQ","2025-09-26T06:35:27.000Z","SBI-0236","","Auto","","30880.0","2025-04-25","I-111","a0jVV0000015JvhYAE","Resolved-Paid","2025-09-26T06:35:27.000Z"
"","005VV0000014nmLYAQ","2025-07-07T09:49:51.000Z","USD","USD","a0iVV000002iFiYYAU","","28832.0","2025-02-28","false","","005VV0000014nmLYAQ","2025-09-26T06:35:27.000Z","SBI-0237","","Auto","","28832.0","2025-04-25","I-110","a0jVV0000015JvgYAE","Resolved-Paid","2025-09-26T06:35:27.000Z"
"","005VV0000014nmLYAQ","2025-07-07T09:49:51.000Z","USD","USD","a0iVV000002iFiZYAU","","22752.0","2025-02-28","false","","005VV0000014nmLYAQ","2025-09-26T06:35:27.000Z","SBI-0238","","Auto","","22752.0","2025-04-25","I-108","a0jVV0000015JveYAE","Resolved-Paid","2025-09-26T06:35:27.000Z"
"","005VV0000014nmLYAQ","2025-07-07T09:49:51.000Z","USD","USD","a0iVV000002iFiaYAE","","26032.0","2025-02-28","false","","005VV0000014nmLYAQ","2025-09-26T06:35:27.000Z","SBI-0239","","Auto","","26032.0","2025-04-25","I-109","a0jVV0000015JvfYAE","Resolved-Paid","2025-09-26T06:35:27.000Z"
"","005VV0000014nmLYAQ","2025-07-07T09:49:51.000Z","USD","USD","a0iVV000002iFibYAE","","18432.0","2025-02-28","false","","005VV0000014nmLYAQ","2025-09-26T06:35:27.000Z","SBI-0240","","Auto","","18432.0","2025-04-25","I-107","a0jVV0000015JvdYAE","Resolved-Paid","2025-09-26T06:35:27.000Z"
"","005VV0000014nmLYAQ","2025-07-07T09:49:51.000Z","USD","USD","a0iVV000002iFicYAE","","45616.0","2025-02-28","false","","005VV0000014nmLYAQ","2025-09-26T06:35:27.000Z","SBI-0241","","Auto","","45616.0","2025-04-25","I-106","a0jVV000002bMGXYA2","Resolved-Paid","2025-09-26T06:35:27.000Z"
"","005VV0000014nmLYAQ","2025-07-07T09:49:51.000Z","USD","USD","a0iVV000002iFidYAE","","25056.0","2025-02-28","false","","005VV0000014nmLYAQ","2025-09-26T06:35:27.000Z","SBI-0242","","Auto","","25056.0","2025-04-25","I-117","a0jVV0000015JvcYAE","Resolved-Paid","2025-09-26T06:35:27.000Z"
"","005VV0000014nmLYAQ","2025-07-07T09:49:51.000Z","USD","USD","a0iVV000002iFieYAE","","58440.0","2025-02-28","false","","005VV0000014nmLYAQ","2025-09-26T06:35:27.000Z","SBI-0243","","Auto","","58440.0","2025-04-25","I-116","a0jVV0000015JvaYAE","Resolved-Paid","2025-09-26T06:35:27.000Z"
"","005VV0000014nmLYAQ","2025-07-07T09:49:51.000Z","USD","USD","a0iVV000002iFifYAE","","82080.0","2025-02-28","false","","005VV0000014nmLYAQ","2025-09-26T06:35:27.000Z","SBI-0244","","30","","82080.0","2025-03-12","I-78","a0jVV0000015JvkYAE","Open","2025-09-26T06:35:27.000Z"
"","005VV0000014nmLYAQ","2025-07-07T09:49:51.000Z","USD","USD","a0iVV000002iFigYAE","","32870.0","2025-02-28","false","","005VV0000014nmLYAQ","2025-09-26T06:35:27.000Z","SBI-0245","","30","","32870.0","2025-03-17","I-124","a0jVV000002bMoRYAU","Resolved-Paid","2025-09-26T06:35:27.000Z"
"","005VV0000014nmLYAQ","2025-07-07T09:49:51.000Z","USD","USD","a0iVV000002iFihYAE","","41040.0","2025-02-28","false","","005VV0000014nmLYAQ","2025-09-26T06:35:27.000Z","SBI-0246","","45","","41040.0","2025-03-21","I-89","a0jVV000002bMGiYAM","Resolved-Paid","2025-09-26T06:35:27.000Z"
"","005VV0000014nmLYAQ","2025-07-07T09:49:51.000Z","USD","USD","a0iVV000002iFiiYAE","","26840.0","2025-02-28","false","","005VV0000014nmLYAQ","2025-09-26T06:35:27.000Z","SBI-0247","","45","","26840.0","2025-05-13","I-88","a0jVV000002bMGfYAM","Resolved-Paid","2025-09-26T06:35:27.000Z"
"","005VV0000014nmLYAQ","2025-07-07T09:49:51.000Z","USD","USD","a0iVV000002iFijYAE","","232700.0","2025-02-28","false","","005VV0000014nmLYAQ","2025-09-26T06:35:27.000Z","SBI-0248","","45","","232700.0","2025-05-13","I-99","a0jVV000002bMGdYAM","Invoiced","2025-09-26T06:35:27.000Z"
"","005VV0000014nmLYAQ","2025-07-07T09:49:51.000Z","USD","USD","a0iVV000002iFikYAE","","197880.0","2025-02-28","false","","005VV0000014nmLYAQ","2025-09-26T06:35:27.000Z","SBI-0249","","45","","197880.0","2025-03-21","I-128","a0jVV000002bMGeYAM","Resolved-Paid","2025-09-26T06:35:27.000Z"
"","005VV0000014nmLYAQ","2025-07-07T09:49:51.000Z","USD","USD","a0iVV000002iFilYAE","","57016.0","2025-03-31","false","","005VV0000014nmLYAQ","2025-09-26T06:35:27.000Z","SBI-0250","","45","","57016.0","2025-05-15","I-131","a0jVV000002bMGmYAM","Resolved-Paid","2025-09-26T06:35:27.000Z"
"","005VV0000014nmLYAQ","2025-07-07T09:49:51.000Z","USD","USD","a0iVV000002iFimYAE","","61040.0","2025-03-31","false","","005VV0000014nmLYAQ","2025-09-26T06:35:27.000Z","SBI-0251","","","","61040.0","2025-04-23","I-133","a0jVV000002bMGjYAM","Resolved-Paid","2025-09-26T06:35:27.000Z"
"","005VV0000014nmLYAQ","2025-07-07T09:49:51.000Z","USD","USD","a0iVV000002iFinYAE","","225292.0","2025-03-31","false","","005VV0000014nmLYAQ","2025-09-26T06:35:27.000Z","SBI-0252","","Auto","","225292.0","2025-04-28","I-134","a0jVV000002bMHOYA2","Resolved-Paid","2025-09-26T06:35:27.000Z"
"","005VV0000014nmLYAQ","2025-07-07T09:49:51.000Z","USD","USD","a0iVV000002iFioYAE","","157840.0","2025-03-31","false","","005VV0000014nmLYAQ","2025-09-26T06:35:27.000Z","SBI-0253","","30","","157840.0","2025-04-12","I-137","a0jVV000002bMHQYA2","Resolved-Paid","2025-09-26T06:35:27.000Z"
"","005VV0000014nmLYAQ","2025-07-07T09:49:51.000Z","USD","USD","a0iVV000002iFipYAE","","114700.0","2025-03-31","false","","005VV0000014nmLYAQ","2025-09-26T06:35:27.000Z","SBI-0254","","30","","114700.0","2025-04-30","I-157","a0jVV000002bMGZYA2","Resolved-Paid","2025-09-26T06:35:27.000Z"
"","005VV0000014nmLYAQ","2025-07-07T09:49:51.000Z","USD","USD","a0iVV000002iFiqYAE","","44400.0","2025-03-31","false","","005VV0000014nmLYAQ","2025-09-26T06:35:27.000Z","SBI-0255","","45","","44400.0","2025-04-23","I-159","a0jVV000002bMGiYAM","Resolved-Paid","2025-09-26T06:35:27.000Z"
"","005VV0000014nmLYAQ","2025-07-07T09:49:51.000Z","USD","USD","a0iVV000002iFirYAE","","27200.0","2025-03-31","false","","005VV0000014nmLYAQ","2025-09-26T06:35:27.000Z","SBI-0256","","45","","27200.0","2025-05-07","I-160","a0jVV000002bMGfYAM","Resolved-Paid","2025-09-26T06:35:27.000Z"
"","005VV0000014nmLYAQ","2025-07-07T09:49:51.000Z","USD","USD","a0iVV000002iFisYAE","","357240.0","2025-03-31","false","","005VV0000014nmLYAQ","2025-09-26T06:35:27.000Z","SBI-0257","","45","","357240.0","2025-04-23","I-162","a0jVV000002bMGdYAM","Pending-Overdue","2025-09-26T06:35:27.000Z"
"","005VV0000014nmLYAQ","2025-07-07T09:49:51.000Z","USD","USD","a0iVV000002iFitYAE","","214360.0","2025-03-31","false","","005VV0000014nmLYAQ","2025-09-26T06:35:27.000Z","SBI-0258","","45","","214360.0","2025-04-23","I-163","a0jVV000002bMGeYAM","Pending-Overdue","2025-09-26T06:35:27.000Z"
"","005VV0000014nmLYAQ","2025-07-07T09:49:51.000Z","USD","USD","a0iVV000002iFiuYAE","","90720.0","2025-03-31","false","","005VV0000014nmLYAQ","2025-09-26T06:35:27.000Z","SBI-0259","","30","","90720.0","2025-05-02","I-161","a0jVV0000015JvkYAE","Resolved-Paid","2025-09-26T06:35:27.000Z"
"","005VV0000014nmLYAQ","2025-07-07T09:49:51.000Z","USD","USD","a0iVV000002iFivYAE","","25202.0","2025-03-31","false","","005VV0000014nmLYAQ","2025-09-26T06:35:27.000Z","SBI-0260","","Auto","","25202.0","2025-04-25","I-155","a0jVV0000015JveYAE","Resolved-Paid","2025-09-26T06:35:27.000Z"
"","005VV0000014nmLYAQ","2025-07-07T09:49:51.000Z","USD","USD","a0iVV000002iFiwYAE","","28962.0","2025-03-31","false","","005VV0000014nmLYAQ","2025-09-26T06:35:27.000Z","SBI-0261","","Auto","","28962.0","2025-04-25","I-156","a0jVV0000015JvfYAE","Resolved-Paid","2025-09-26T06:35:27.000Z"
"","005VV0000014nmLYAQ","2025-07-07T09:49:51.000Z","USD","USD","a0iVV000002iFixYAE","","29424.0","2025-03-31","false","","005VV0000014nmLYAQ","2025-09-26T06:35:27.000Z","SBI-0262","","Auto","","29424.0","2025-04-25","I-154","a0jVV0000015JviYAE","Resolved-Paid","2025-09-26T06:35:27.000Z"
"","005VV0000014nmLYAQ","2025-07-07T09:49:51.000Z","USD","USD","a0iVV000002iFiyYAE","","33328.0","2025-03-31","false","","005VV0000014nmLYAQ","2025-09-26T06:35:27.000Z","SBI-0263","","Auto","","33328.0","2025-04-25","I-153","a0jVV0000015JvhYAE","Resolved-Paid","2025-09-26T06:35:27.000Z"
"","005VV0000014nmLYAQ","2025-07-07T09:49:51.000Z","USD","USD","a0iVV000002iFizYAE","","31984.0","2025-03-31","false","","005VV0000014nmLYAQ","2025-09-26T06:35:27.000Z","SBI-0264","","Auto","","31984.0","2025-04-25","I-152","a0jVV0000015JvgYAE","Resolved-Paid","2025-09-26T06:35:27.000Z"
"","005VV0000014nmLYAQ","2025-07-07T09:49:51.000Z","USD","USD","a0iVV000002iFj0YAE","","18560.0","2025-03-31","false","","005VV0000014nmLYAQ","2025-09-26T06:35:27.000Z","SBI-0265","","Auto","","18560.0","2025-04-25","I-151","a0jVV0000015JvdYAE","Resolved-Paid","2025-09-26T06:35:27.000Z"
"","005VV0000014nmLYAQ","2025-07-07T09:49:51.000Z","USD","USD","a0iVV000002iFj1YAE","","52712.0","2025-03-31","false","","005VV0000014nmLYAQ","2025-09-26T06:35:27.000Z","SBI-0266","","Auto","","52712.0","2025-04-25","I-150","a0jVV000002bMGXYA2","Resolved-Paid","2025-09-26T06:35:27.000Z"
"","005VV0000014nmLYAQ","2025-07-07T09:49:51.000Z","USD","USD","a0iVV000002iFj2YAE","","42544.0","2025-03-31","false","","005VV0000014nmLYAQ","2025-09-26T06:35:27.000Z","SBI-0267","","Auto","","42544.0","2025-04-25","I-149","a0jVV0000015JvjYAE","Resolved-Paid","2025-09-26T06:35:27.000Z"
"","005VV0000014nmLYAQ","2025-07-07T09:49:51.000Z","USD","USD","a0iVV000002iFj3YAE","","28192.0","2025-03-31","false","","005VV0000014nmLYAQ","2025-09-26T06:35:27.000Z","SBI-0268","","Auto","","28192.0","2025-04-25","I-148","a0jVV0000015JvcYAE","Resolved-Paid","2025-09-26T06:35:27.000Z"
"","005VV0000014nmLYAQ","2025-07-07T09:49:51.000Z","USD","USD","a0iVV000002iFj4YAE","","63776.0","2025-03-31","false","","005VV0000014nmLYAQ","2025-09-26T06:35:27.000Z","SBI-0269","","Auto","","63776.0","2025-04-25","I-147","a0jVV0000015JvbYAE","Resolved-Paid","2025-09-26T06:35:27.000Z"
"","005VV0000014nmLYAQ","2025-07-07T09:49:51.000Z","USD","USD","a0iVV000002iFj5YAE","","63736.0","2025-03-31","false","","005VV0000014nmLYAQ","2025-09-26T06:35:27.000Z","SBI-0270","","Auto","","63736.0","2025-04-25","I-145","a0jVV0000015JvaYAE","Resolved-Paid","2025-09-26T06:35:27.000Z"
"","005VV0000014nmLYAQ","2025-07-07T09:49:51.000Z","USD","USD","a0iVV000002iFj6YAE","","332720.0","2025-03-31","false","","005VV0000014nmLYAQ","2025-09-26T06:35:27.000Z","SBI-0271","","30","","332720.0","2025-05-02","I-164","a0jVV000002bMGrYAM","Pending-Overdue","2025-09-26T06:35:27.000Z"
"","005VV0000014nmLYAQ","2025-07-07T09:49:51.000Z","USD","USD","a0iVV000002iFj7YAE","","119560.0","2025-03-31","false","","005VV0000014nmLYAQ","2025-09-26T06:35:27.000Z","SBI-0272","","30","","119560.0","2025-04-29","I-165","a0jVV000002bMGwYAM","Pending-Overdue","2025-09-26T06:35:27.000Z"
"","005VV0000014nmLYAQ","2025-07-07T09:49:51.000Z","USD","USD","a0iVV000002iFj8YAE","","398490.0","2025-04-01","false","","005VV0000014nmLYAQ","2025-09-26T06:35:27.000Z","SBI-0273","","30","","398490.0","2025-06-28","I-166","a0jVV000002bMGvYAM","Pending-Overdue","2025-09-26T06:35:27.000Z"
"","005VV0000014nmLYAQ","2025-07-07T09:49:51.000Z","USD","USD","a0iVV000002iFj9YAE","","30800.0","2025-03-31","false","","005VV0000014nmLYAQ","2025-09-26T06:35:27.000Z","SBI-0274","","45","","30800.0","","I-170","a0jVV000002bMGgYAM","Pending-Overdue","2025-09-26T06:35:27.000Z"
"","005VV0000014nmLYAQ","2025-07-07T09:49:51.000Z","USD","USD","a0iVV000002iFjAYAU","","109520.0","2025-04-02","false","","005VV0000014nmLYAQ","2025-09-26T06:35:27.000Z","SBI-0275","","","","109520.0","2025-04-22","I-171","a0jVV000002bMGlYAM","Pending-Overdue","2025-09-26T06:35:27.000Z"
"","005VV0000014nmLYAQ","2025-07-07T09:49:51.000Z","USD","USD","a0iVV000002iFjBYAU","","49756.0","2025-04-30","false","","005VV0000014nmLYAQ","2025-09-26T06:35:27.000Z","SBI-0276","","45","","49756.0","2025-06-11","I-177","a0jVV000002bMGmYAM","Pending-Overdue","2025-09-26T06:35:27.000Z"
"","005VV0000014nmLYAQ","2025-07-07T09:49:51.000Z","USD","USD","a0iVV000002iFjCYAU","","143535.0","2025-04-30","false","","005VV0000014nmLYAQ","2025-09-26T06:35:27.000Z","SBI-0277","","30","","143535.0","2025-05-31","I-186","a0jVV000002bMHQYA2","Pending-Overdue","2025-09-26T06:35:27.000Z"
"","005VV0000014nmLYAQ","2025-07-07T09:49:51.000Z","USD","USD","a0iVV000002iFjDYAU","","62440.0","2025-05-05","false","","005VV0000014nmLYAQ","2025-09-26T06:35:27.000Z","SBI-0278","","","","62440.0","2025-05-27","I-199","a0jVV000002bMGjYAM","Pending-Overdue","2025-09-26T06:35:27.000Z"
"","005VV0000014nmLYAQ","2025-07-07T09:49:51.000Z","USD","USD","a0iVV000002iFjEYAU","","118700.0","2025-05-05","false","","005VV0000014nmLYAQ","2025-09-26T06:35:27.000Z","SBI-0279","","","","118700.0","2025-05-27","I-200","a0jVV000002bMGlYAM","Pending-Overdue","2025-09-26T06:35:27.000Z"
"","005VV0000014nmLYAQ","2025-07-07T09:49:51.000Z","USD","USD","a0iVV000002iFjFYAU","","63552.0","2025-04-30","false","","005VV0000014nmLYAQ","2025-09-26T06:35:27.000Z","SBI-0280","","Auto","","63552.0","2025-05-30","I-179","a0jVV0000015JvaYAE","Pending-Overdue","2025-09-26T06:35:27.000Z"
"","005VV0000014nmLYAQ","2025-07-07T09:49:51.000Z","USD","USD","a0iVV000002iFjGYAU","","63328.0","2025-04-30","false","","005VV0000014nmLYAQ","2025-09-26T06:35:27.000Z","SBI-0281","","Auto","","63328.0","2025-05-30","I-180","a0jVV0000015JvbYAE","Pending-Overdue","2025-09-26T06:35:27.000Z"
"","005VV0000014nmLYAQ","2025-07-07T09:49:51.000Z","USD","USD","a0iVV000002iFjHYAU","","40392.0","2025-04-30","false","","005VV0000014nmLYAQ","2025-09-26T06:35:27.000Z","SBI-0282","","Auto","","40392.0","2025-05-30","I-182","a0jVV0000015JvjYAE","Pending-Overdue","2025-09-26T06:35:27.000Z"
"","005VV0000014nmLYAQ","2025-07-07T09:49:51.000Z","USD","USD","a0iVV000002iFjIYAU","","52688.0","2025-04-30","false","","005VV0000014nmLYAQ","2025-09-26T06:35:27.000Z","SBI-0283","","Auto","","52688.0","2025-05-30","I-183","a0jVV000002bMGXYA2","Pending-Overdue","2025-09-26T06:35:27.000Z"
"","005VV0000014nmLYAQ","2025-07-07T09:49:51.000Z","USD","USD","a0iVV000002iFjJYAU","","17408.0","2025-04-30","false","","005VV0000014nmLYAQ","2025-09-26T06:35:27.000Z","SBI-0284","","Auto","","17408.0","2025-05-30","I-184","a0jVV0000015JvdYAE","Pending-Overdue","2025-09-26T06:35:27.000Z"
"","005VV0000014nmLYAQ","2025-07-07T09:49:51.000Z","USD","USD","a0iVV000002iFjKYAU","","29184.0","2025-04-30","false","","005VV0000014nmLYAQ","2025-09-26T06:35:27.000Z","SBI-0285","","Auto","","29184.0","2025-05-30","I-181","a0jVV0000015JvcYAE","Pending-Overdue","2025-09-26T06:35:27.000Z"
"","005VV0000014nmLYAQ","2025-07-07T09:49:51.000Z","USD","USD","a0iVV000002iFjLYAU","","23058.0","2025-04-30","false","","005VV0000014nmLYAQ","2025-09-26T06:35:27.000Z","SBI-0286","","Auto","","23058.0","2025-05-30","I-190","a0jVV0000015JveYAE","Pending-Overdue","2025-09-26T06:35:27.000Z"
"","005VV0000014nmLYAQ","2025-07-07T09:49:51.000Z","USD","USD","a0iVV000002iFjMYAU","","28642.0","2025-04-30","false","","005VV0000014nmLYAQ","2025-09-26T06:35:27.000Z","SBI-0287","","Auto","","28642.0","2025-05-30","I-191","a0jVV0000015JvfYAE","Pending-Overdue","2025-09-26T06:35:27.000Z"
"","005VV0000014nmLYAQ","2025-07-07T09:49:51.000Z","USD","USD","a0iVV000002iFjNYAU","","27280.0","2025-04-30","false","","005VV0000014nmLYAQ","2025-09-26T06:35:27.000Z","SBI-0288","","Auto","","27280.0","2025-05-30","I-193","a0jVV0000015JvgYAE","Pending-Overdue","2025-09-26T06:35:27.000Z"
"","005VV0000014nmLYAQ","2025-07-07T09:49:51.000Z","USD","USD","a0iVV000002iFjOYAU","","31696.0","2025-04-30","false","","005VV0000014nmLYAQ","2025-09-26T06:35:27.000Z","SBI-0289","","Auto","","31696.0","2025-05-30","I-194","a0jVV0000015JvhYAE","Pending-Overdue","2025-09-26T06:35:27.000Z"
"","005VV0000014nmLYAQ","2025-07-07T09:49:51.000Z","USD","USD","a0iVV000002iFjPYAU","","32720.0","2025-04-30","false","","005VV0000014nmLYAQ","2025-09-26T06:35:27.000Z","SBI-0290","","Auto","","32720.0","2025-05-30","I-195","a0jVV0000015JviYAE","Pending-Overdue","2025-09-26T06:35:27.000Z"
"","005VV0000014nmLYAQ","2025-07-07T09:49:51.000Z","USD","USD","a0iVV000002iFjQYAU","","29472.0","2025-04-30","false","","005VV0000014nmLYAQ","2025-09-26T06:35:27.000Z","SBI-0291","","Auto","","29472.0","2025-05-30","I-197","a0jVV000002bMGYYA2","Pending-Overdue","2025-09-26T06:35:27.000Z"
"","005VV0000014nmLYAQ","2025-07-07T09:49:51.000Z","USD","USD","a0iVV000002iFjRYAU","","146960.0","2025-05-01","false","","005VV0000014nmLYAQ","2025-09-26T06:35:27.000Z","SBI-0292","","30","","146960.0","2025-05-28","I-201","a0jVV000002bMGwYAM","Pending-Overdue","2025-09-26T06:35:27.000Z"
"","005VV0000014nmLYAQ","2025-07-07T09:49:51.000Z","USD","USD","a0iVV000002iFjSYAU","","395780.0","2025-05-01","false","","005VV0000014nmLYAQ","2025-09-26T06:35:27.000Z","SBI-0293","","30","","395780.0","2025-05-28","I-202","a0jVV000002bMGvYAM","Pending-Overdue","2025-09-26T06:35:27.000Z"
"","005VV0000014nmLYAQ","2025-07-07T09:49:51.000Z","USD","USD","a0iVV000002iFjTYAU","","25400.0","2025-05-05","false","","005VV0000014nmLYAQ","2025-09-26T06:35:27.000Z","SBI-0294","","45","","25400.0","2025-06-06","I-203","a0jVV000002bMGfYAM","Pending-Overdue","2025-09-26T06:35:27.000Z"
"","005VV0000014nmLYAQ","2025-07-07T09:49:51.000Z","USD","USD","a0iVV000002iFjUYAU","","391340.0","2025-05-05","false","","005VV0000014nmLYAQ","2025-09-26T06:35:27.000Z","SBI-0295","","45","","391340.0","2025-05-22","I-206","a0jVV000002bMGdYAM","Pending-Overdue","2025-09-26T06:35:27.000Z"
"","005VV0000014nmLYAQ","2025-07-07T09:49:51.000Z","USD","USD","a0iVV000002iFjVYAU","","185640.0","2025-05-05","false","","005VV0000014nmLYAQ","2025-09-26T06:35:27.000Z","SBI-0296","","45","","185640.0","2025-05-22","I-207","a0jVV000002bMGeYAM","Pending-Overdue","2025-09-26T06:35:27.000Z"
"","005VV0000014nmLYAQ","2025-07-07T09:49:51.000Z","USD","USD","a0iVV000002iFjWYAU","","33250.0","2025-04-30","false","","005VV0000014nmLYAQ","2025-09-26T06:35:27.000Z","SBI-0297","","45","","33250.0","","I-212","a0jVV000002bMGgYAM","Pending-Overdue","2025-09-26T06:35:27.000Z"
"","005VV0000014nmLYAQ","2025-07-07T09:49:51.000Z","USD","USD","a0iVV000002iFjXYAU","","59200.0","2025-06-04","false","","005VV0000014nmLYAQ","2025-09-26T06:35:27.000Z","SBI-0298","","","","59200.0","2025-06-24","I-221","a0jVV000002bMGjYAM","New","2025-09-26T06:35:27.000Z"
"","005VV0000014nmLYAQ","2025-07-07T09:49:51.000Z","USD","USD","a0iVV000002iFjYYAU","","36248.0","2025-05-31","false","","005VV0000014nmLYAQ","2025-09-26T06:35:27.000Z","SBI-0299","","Auto","","36248.0","","I-233","a0jVV000002bMGYYA2","Resolved-Paid","2025-09-26T06:35:27.000Z"
"","005VV0000014nmLYAQ","2025-07-07T09:49:51.000Z","USD","USD","a0iVV000002iFjZYAU","","105840.0","2025-06-04","false","","005VV0000014nmLYAQ","2025-09-26T06:35:27.000Z","SBI-0300","","","","105840.0","2025-06-24","I-236","a0jVV000002bMGlYAM","Resolved-Paid","2025-09-26T06:35:27.000Z"
"","005VV0000014nmLYAQ","2025-07-07T09:49:51.000Z","USD","USD","a0iVV000002iFjaYAE","","159760.0","2025-05-31","false","","005VV0000014nmLYAQ","2025-09-26T06:35:27.000Z","SBI-0301","","30","","159760.0","2025-06-14","I-237","a0jVV000002bMHPYA2","Resolved-Paid","2025-09-26T06:35:27.000Z"
"","005VV0000014nmLYAQ","2025-07-07T09:49:51.000Z","USD","USD","a0iVV000002iFjbYAE","","187560.0","2025-05-31","false","","005VV0000014nmLYAQ","2025-09-26T06:35:27.000Z","SBI-0302","","45","","187560.0","2025-06-20","I-248","a0jVV000002bMGeYAM","Resolved-Paid","2025-09-26T06:35:27.000Z"
"","005VV0000014nmLYAQ","2025-07-07T09:49:51.000Z","USD","USD","a0iVV000002iFjcYAE","","28000.0","2025-05-31","false","","005VV0000014nmLYAQ","2025-09-26T06:35:27.000Z","SBI-0303","","45","","28000.0","2025-06-20","I-249","a0jVV000002bMGfYAM","Resolved-Paid","2025-09-26T06:35:27.000Z"
"","005VV0000014nmLYAQ","2025-07-07T09:49:51.000Z","USD","USD","a0iVV000002iFjdYAE","","387960.0","2025-05-31","false","","005VV0000014nmLYAQ","2025-09-26T06:35:27.000Z","SBI-0304","","45","","387960.0","2025-06-20","I-251","a0jVV000002bMGdYAM","Resolved-Paid","2025-09-26T06:35:27.000Z"
"","005VV0000014nmLYAQ","2025-07-07T09:49:51.000Z","USD","USD","a0iVV000002iFjeYAE","","148240.0","2025-06-01","false","","005VV0000014nmLYAQ","2025-09-26T06:35:27.000Z","SBI-0305","","30","","148240.0","2025-06-26","I-243","a0jVV000002bMGwYAM","Resolved-Paid","2025-09-26T06:35:27.000Z"
"","005VV0000014nmLYAQ","2025-07-07T09:49:51.000Z","USD","USD","a0iVV000002iFjfYAE","","392020.0","2025-06-01","false","","005VV0000014nmLYAQ","2025-09-26T06:35:27.000Z","SBI-0306","","30","","392020.0","2025-06-26","I-255","a0jVV000002bMGvYAM","Resolved-Paid","2025-09-26T06:35:27.000Z"
"","005VV0000014nmLYAQ","2025-07-07T09:49:51.000Z","USD","USD","a0iVV000002iFjgYAE","18368.0","18368.0","2025-06-30","false","","005VV0000014nmLYAQ","2025-09-26T06:35:27.000Z","SBI-0307","","Auto","18368.0","18368.0","","I-274","a0jVV0000015JvdYAE","Invoiced","2025-09-26T06:35:27.000Z"
"","005VV0000014nmLYAQ","2025-07-07T09:49:51.000Z","USD","USD","a0iVV000002iFjhYAE","20368.0","20368.0","2025-05-31","false","","005VV0000014nmLYAQ","2025-09-26T06:35:27.000Z","SBI-0308","","Auto","20368.0","20368.0","","I-227","a0jVV0000015JvdYAE","Resolved-Paid","2025-09-26T06:35:27.000Z"
"","005VV0000014nmLYAQ","2025-07-07T09:49:51.000Z","USD","USD","a0iVV000002iFjiYAE","24064.0","24064.0","2025-06-30","false","","005VV0000014nmLYAQ","2025-09-26T06:35:27.000Z","SBI-0309","","Auto","24064.0","24064.0","","I-275","a0jVV0000015JveYAE","Invoiced","2025-09-26T06:35:27.000Z"
"","005VV0000014nmLYAQ","2025-07-07T09:49:51.000Z","USD","USD","a0iVV000002iFjjYAE","24376.0","24376.0","2025-05-31","false","","005VV0000014nmLYAQ","2025-09-26T06:35:27.000Z","SBI-0310","","Auto","24376.0","24376.0","","I-228","a0jVV0000015JveYAE","Resolved-Paid","2025-09-26T06:35:27.000Z"
"","005VV0000014nmLYAQ","2025-07-07T09:49:51.000Z","USD","USD","a0iVV000002iFjkYAE","27872.0","27872.0","2025-06-30","false","","005VV0000014nmLYAQ","2025-09-26T06:35:27.000Z","SBI-0311","","Auto","27872.0","27872.0","","I-278","a0jVV0000015JvhYAE","Invoiced","2025-09-26T06:35:27.000Z"
"","005VV0000014nmLYAQ","2025-07-07T09:49:51.000Z","USD","USD","a0iVV000002iFjlYAE","28424.0","28424.0","2025-05-31","false","","005VV0000014nmLYAQ","2025-09-26T06:35:27.000Z","SBI-0312","","Auto","28424.0","28424.0","","I-229","a0jVV0000015JvfYAE","Resolved-Paid","2025-09-26T06:35:27.000Z"
"","005VV0000014nmLYAQ","2025-07-07T09:49:51.000Z","USD","USD","a0iVV000002iFjmYAE","28600.0","28600.0","2025-06-30","false","","005VV0000014nmLYAQ","2025-09-26T06:35:27.000Z","SBI-0313","","Auto","28600.0","28600.0","","I-279","a0jVV0000015JviYAE","Open","2025-09-26T06:35:27.000Z"
"","005VV0000014nmLYAQ","2025-07-07T09:49:51.000Z","USD","USD","a0iVV000002iFjnYAE","28768.0","28768.0","2025-06-30","false","","005VV0000014nmLYAQ","2025-09-26T06:35:27.000Z","SBI-0314","","Auto","28768.0","28768.0","","I-272","a0jVV0000015JvjYAE","Resolved-Paid","2025-09-26T06:35:27.000Z"
"","005VV0000014nmLYAQ","2025-07-07T09:49:51.000Z","USD","USD","a0iVV000002iFjoYAE","29232.0","29232.0","2025-06-30","false","","005VV0000014nmLYAQ","2025-09-26T06:35:27.000Z","SBI-0315","","Auto","29232.0","29232.0","","I-277","a0jVV0000015JvgYAE","Invoiced","2025-09-26T06:35:27.000Z"
"","005VV0000014nmLYAQ","2025-07-07T09:49:51.000Z","USD","USD","a0iVV000002iFjpYAE","29296.0","29296.0","2025-05-31","false","","005VV0000014nmLYAQ","2025-09-26T06:35:27.000Z","SBI-0316","","Auto","29296.0","29296.0","","I-231","a0jVV0000015JvhYAE","Resolved-Paid","2025-09-26T06:35:27.000Z"
"","005VV0000014nmLYAQ","2025-07-07T09:49:51.000Z","USD","USD","a0iVV000002iFjqYAE","29616.0","29616.0","2025-06-30","false","","005VV0000014nmLYAQ","2025-09-26T06:35:27.000Z","SBI-0317","","Auto","29616.0","29616.0","","I-276","a0jVV0000015JvfYAE","Invoiced","2025-09-26T06:35:27.000Z"
"","005VV0000014nmLYAQ","2025-07-07T09:49:51.000Z","USD","USD","a0iVV000002iFjrYAE","30304.0","30304.0","2025-05-31","false","","005VV0000014nmLYAQ","2025-09-26T06:35:27.000Z","SBI-0318","","Auto","30304.0","30304.0","","I-230","a0jVV0000015JvgYAE","Resolved-Paid","2025-09-26T06:35:27.000Z"
"","005VV0000014nmLYAQ","2025-07-07T09:49:51.000Z","USD","USD","a0iVV000002iFjsYAE","32408.0","32408.0","2025-05-31","false","","005VV0000014nmLYAQ","2025-09-26T06:35:27.000Z","SBI-0319","","Auto","32408.0","32408.0","","I-232","a0jVV0000015JviYAE","Resolved-Paid","2025-09-26T06:35:27.000Z"
"","005VV0000014nmLYAQ","2025-07-07T09:49:51.000Z","USD","USD","a0iVV000002iFjtYAE","32816.0","32816.0","2025-06-30","false","","005VV0000014nmLYAQ","2025-09-26T06:35:27.000Z","SBI-0320","","Auto","32816.0","32816.0","","I-280","a0jVV000002bMGYYA2","Resolved-Paid","2025-09-26T06:35:27.000Z"
"","005VV0000014nmLYAQ","2025-07-07T09:49:51.000Z","USD","USD","a0iVV000002iFjuYAE","38264.0","38264.0","2025-05-31","false","","005VV0000014nmLYAQ","2025-09-26T06:35:27.000Z","SBI-0321","","Auto","38264.0","38264.0","","I-225","a0jVV0000015JvjYAE","Pending-Overdue","2025-09-26T06:35:27.000Z"
"","005VV0000014nmLYAQ","2025-07-07T09:49:51.000Z","USD","USD","a0iVV000002iFjvYAE","41952.0","41952.0","2025-05-31","false","","005VV0000014nmLYAQ","2025-09-26T06:35:27.000Z","SBI-0322","","Auto","41952.0","41952.0","","I-224","a0jVV0000015JvcYAE","Resolved-Paid","2025-09-26T06:35:27.000Z"
"","005VV0000014nmLYAQ","2025-07-07T09:49:51.000Z","USD","USD","a0iVV000002iFjwYAE","44232.0","44232.0","2025-06-30","false","","005VV0000014nmLYAQ","2025-09-26T06:35:27.000Z","SBI-0323","","Auto","44232.0","44232.0","","I-271","a0jVV0000015JvcYAE","Open","2025-09-26T06:35:27.000Z"
"","005VV0000014nmLYAQ","2025-07-07T09:49:51.000Z","USD","USD","a0iVV000002iFjxYAE","46056.0","46056.0","2025-05-31","false","","005VV0000014nmLYAQ","2025-09-26T06:35:27.000Z","SBI-0324","","Auto","46056.0","46056.0","","I-226","a0jVV000002bMGXYA2","Pending-Overdue","2025-09-26T06:35:27.000Z"
"","005VV0000014nmLYAQ","2025-07-07T09:49:51.000Z","USD","USD","a0iVV000002iFjyYAE","50752.0","50752.0","2025-06-30","false","","005VV0000014nmLYAQ","2025-09-26T06:35:27.000Z","SBI-0325","","Auto","50752.0","50752.0","","I-273","a0jVV000002bMGXYA2","Resolved-Paid","2025-09-26T06:35:27.000Z"
"","005VV0000014nmLYAQ","2025-07-07T09:49:51.000Z","USD","USD","a0iVV000002iFjzYAE","59072.0","59072.0","2025-06-30","false","","005VV0000014nmLYAQ","2025-09-26T06:35:27.000Z","SBI-0326","","Auto","59072.0","59072.0","","I-267","a0jVV0000015JvaYAE","Pending-Overdue","2025-09-26T06:35:27.000Z"
"","005VV0000014nmLYAQ","2025-07-07T09:49:51.000Z","USD","USD","a0iVV000002iFk0YAE","61536.0","61536.0","2025-05-31","false","","005VV0000014nmLYAQ","2025-09-26T06:35:27.000Z","SBI-0327","","Auto","61536.0","61536.0","","I-223","a0jVV0000015JvbYAE","Resolved-Paid","2025-09-26T06:35:27.000Z"
"","005VV0000014nmLYAQ","2025-07-07T09:49:51.000Z","USD","USD","a0iVV000002iFk1YAE","61672.0","61672.0","2025-05-31","false","","005VV0000014nmLYAQ","2025-09-26T06:35:27.000Z","SBI-0328","","Auto","61672.0","61672.0","","I-222","a0jVV0000015JvaYAE","Resolved-Paid","2025-09-26T06:35:27.000Z"
"","005VV0000014nmLYAQ","2025-07-07T09:49:51.000Z","USD","USD","a0iVV000002iFk2YAE","32200.0","32200.0","2025-07-09","false","","005VV0000014nmLYAQ","2025-09-26T06:35:27.000Z","SBI-0329","","45","32200.0","32200.0","","I-260","a0jVV000002bMGgYAM","Resolved-Paid","2025-09-26T06:35:27.000Z"
"","005VV0000014nmLYAQ","2025-07-07T09:49:51.000Z","USD","USD","a0iVV000002iFk3YAE","45360.0","45360.0","2025-05-31","false","","005VV0000014nmLYAQ","2025-09-26T06:35:27.000Z","SBI-0330","","45","45360.0","45360.0","2025-07-24","I-250","a0jVV000002bMGiYAM","Resolved-Paid","2025-09-26T06:35:27.000Z"
"","005VV0000014nmLYAQ","2025-07-07T09:49:51.000Z","USD","USD","a0iVV000002iFk4YAE","47520.0","47520.0","2025-04-30","false","","005VV0000014nmLYAQ","2025-09-26T06:35:27.000Z","SBI-0331","","45","47520.0","47520.0","","I-204","a0jVV000002bMGiYAM","Pending-Overdue","2025-09-26T06:35:27.000Z"
"","005VV0000014nmLYAQ","2025-07-07T09:49:51.000Z","USD","USD","a0iVV000002iFk5YAE","","50888.0","2025-06-30","false","","005VV0000014nmLYAQ","2025-09-26T06:35:27.000Z","SBI-0332","","45","50888.0","50888.0","2025-08-13","I-264","a0jVV000002bMGmYAM","Pending-Overdue","2025-09-26T06:35:27.000Z"
"","005VV0000014nmLYAQ","2025-07-07T09:49:51.000Z","USD","USD","a0iVV000002iFk6YAE","51168.0","51168.0","2025-05-31","false","","005VV0000014nmLYAQ","2025-09-26T06:35:27.000Z","SBI-0333","","45","51168.0","51168.0","2025-07-15","I-234","a0jVV000002bMGmYAM","Resolved-Paid","2025-09-26T06:35:27.000Z"
"","005VV0000014nmLYAQ","2025-07-07T09:49:51.000Z","USD","USD","a0iVV000002iFk7YAE","109146.45","109146.45","2025-05-31","false","","005VV0000014nmLYAQ","2025-09-26T06:35:27.000Z","SBI-0334","","30","109146.45","109146.45","","I-220","a0jVV000002bMGoYAM","Pending-Overdue","2025-09-26T06:35:27.000Z"
"","005VV0000014nmLYAQ","2025-07-07T09:49:51.000Z","USD","USD","a0iVV000002iFk8YAE","","4416.0","2025-04-30","false","","005VV0000014nmLYAQ","2025-09-26T06:35:27.000Z","SBI-0335","","30","4416.0","4416.0","","I-196","a0jVV000002bMGuYAM","Pending-Overdue","2025-09-26T06:35:27.000Z"
"","005VV0000014nmLYAQ","2025-07-07T09:49:51.000Z","USD","USD","a0iVV000002iFk9YAE","","11040.0","2025-04-30","false","","005VV0000014nmLYAQ","2025-09-26T06:35:27.000Z","SBI-0336","","30","11040.0","11040.0","","I-192","a0jVV000002bMGtYAM","Pending-Overdue","2025-09-26T06:35:27.000Z"
"","005VV0000014nmLYAQ","2025-07-07T09:49:51.000Z","USD","USD","a0iVV000002iFkAYAU","","27720.0","2025-05-31","false","","005VV0000014nmLYAQ","2025-09-26T06:35:27.000Z","SBI-0337","","30","27720.0","27720.0","","I-241","a0jVV000002bMGtYAM","Resolved-Paid","2025-09-26T06:35:27.000Z"
"","005VV0000014nmLYAQ","2025-07-07T09:49:51.000Z","USD","USD","a0iVV000002iFkBYAU","","33280.0","2025-05-31","false","","005VV0000014nmLYAQ","2025-09-26T06:35:27.000Z","SBI-0338","","30","33280.0","33280.0","","I-242","a0jVV000002bMGuYAM","Pending-Overdue","2025-09-26T06:35:27.000Z"
"","005VV0000014nmLYAQ","2025-07-07T09:49:51.000Z","USD","USD","a0iVV000002iFkCYAU","","90720.0","2025-05-31","false","","005VV0000014nmLYAQ","2025-09-26T06:35:27.000Z","SBI-0339","","30","90720.0","90720.0","","I-239","a0jVV000002bMGsYAM","Resolved-Paid","2025-09-26T06:35:27.000Z"
"","005VV0000014nmLYAQ","2025-07-07T09:49:51.000Z","USD","USD","a0iVV000002iFkDYAU","","91920.0","2025-04-30","false","","005VV0000014nmLYAQ","2025-09-26T06:35:27.000Z","SBI-0340","","30","91920.0","91920.0","","I-188","a0jVV000002bMGsYAM","Pending-Overdue","2025-09-26T06:35:27.000Z"
"","005VV0000014nmLYAQ","2025-07-07T09:49:51.000Z","USD","USD","a0iVV000002iFkEYAU","","238760.0","","false","","005VV0000014nmLYAQ","2025-09-26T06:35:27.000Z","SBI-0341","","30","0.0","0.0","","I-122","a0jVV0000015JwHYAU","Resolved-Paid","2025-09-26T06:35:27.000Z"
"","005VV0000014nmLYAQ","2025-07-07T09:49:51.000Z","USD","USD","a0iVV000002iFkFYAU","","340800.0","2025-04-30","false","","005VV0000014nmLYAQ","2025-09-26T06:35:27.000Z","SBI-0342","","30","340800.0","340800.0","","I-187","a0jVV000002bMGrYAM","Pending-Overdue","2025-09-26T06:35:27.000Z"
"","005VV0000014nmLYAQ","2025-07-07T09:49:51.000Z","USD","USD","a0iVV000002iFkGYAU","","356840.0","2025-05-31","false","","005VV0000014nmLYAQ","2025-09-26T06:35:27.000Z","SBI-0343","","30","356840.0","356840.0","","I-238","a0jVV000002bMGrYAM","Resolved-Paid","2025-09-26T06:35:27.000Z"
"","005VV0000014nmLYAQ","2025-07-07T09:49:51.000Z","USD","USD","a0iVV000002iFkHYAU","","99704.0","2015-02-28","false","","005VV0000014nmLYAQ","2025-09-26T06:35:27.000Z","SBI-0344","","","99704.0","99704.0","","I-208","a0jVV000002bMGyYAM","Pending-Overdue","2025-09-26T06:35:27.000Z"
"","005VV0000014nmLYAQ","2025-07-07T09:49:51.000Z","USD","USD","a0iVV000002iFkIYAU","","119947.0","2025-05-31","false","","005VV0000014nmLYAQ","2025-09-26T06:35:27.000Z","SBI-0345","","","119947.0","119947.0","","I-252","a0jVV000002bMGyYAM","Resolved-Paid","2025-09-26T06:35:27.000Z"
"","005VV0000014nmLYAQ","2025-07-07T09:49:51.000Z","USD","USD","a0iVV000002iFkJYAU","","129992.0","2025-04-30","false","","005VV0000014nmLYAQ","2025-09-26T06:35:27.000Z","SBI-0346","","","129992.0","129992.0","","I-213","a0jVV000002bMGyYAM","Pending-Overdue","2025-09-26T06:35:27.000Z"
"","005VV0000014nmLYAQ","2025-07-07T09:49:51.000Z","USD","USD","a0iVV000002iFkKYAU","","137332.0","2025-03-31","false","","005VV0000014nmLYAQ","2025-09-26T06:35:27.000Z","SBI-0347","","","137332.0","137332.0","","I-210","a0jVV000002bMGyYAM","Pending-Overdue","2025-09-26T06:35:27.000Z"
"","005VV0000014nmLYAQ","2025-07-07T09:49:51.000Z","USD","USD","a0iVV000002iFkLYAU","","1280.0","2025-06-13","false","","005VV0000014nmLYAQ","2025-09-26T06:35:27.000Z","SBI-0348","","30","1280.0","1280.0","","I-245","a0jVV000002bMoSYAU","Invoiced","2025-09-26T06:35:27.000Z"
"","005VV0000014nmLYAQ","2025-07-07T09:49:51.000Z","USD","USD","a0iVV000002iFkMYAU","","49040.0","2025-07-22","false","","005VV0000014nmLYAQ","2025-09-26T06:35:27.000Z","SBI-0349","","30","49040.0","49040.0","","I-244","a0jVV000002bMoSYAU","Resolved-Paid","2025-09-26T06:35:27.000Z"
"","005VV0000014nmLYAQ","2025-07-07T09:49:51.000Z","USD","USD","a0iVV000002iFkNYAU","","1960.0","","false","","005VV0000014nmLYAQ","2025-09-26T06:35:27.000Z","SBI-0350","","30","0.0","0.0","","I-68","a0jVV000002bMH2YAM","Pending-Overdue","2025-09-26T06:35:27.000Z"
"","005VV0000014nmLYAQ","2025-07-07T09:49:51.000Z","USD","USD","a0iVV000002iFkOYAU","","5320.0","","false","","005VV0000014nmLYAQ","2025-09-26T06:35:27.000Z","SBI-0351","","30","0.0","0.0","","I-129","a0jVV000002bMH2YAM","Resolved-Paid","2025-09-26T06:35:27.000Z"
"","005VV0000014nmLYAQ","2025-07-07T09:49:51.000Z","USD","USD","a0iVV000002iFkPYAU","","100000.0","2025-04-30","false","","005VV0000014nmLYAQ","2025-09-26T06:35:27.000Z","SBI-0352","","30","100000.0","100000.0","2025-05-20","I-215","a0jVV000002bMH5YAM","Pending-Overdue","2025-09-26T06:35:27.000Z"
"","005VV0000014nmLYAQ","2025-07-07T09:49:51.000Z","USD","USD","a0iVV000002iFkQYAU","","215856.0","2025-04-30","false","","005VV0000014nmLYAQ","2025-09-26T06:35:27.000Z","SBI-0353","","Auto","215856.0","215856.0","","I-185","a0jVV000002bMHOYA2","Pending-Overdue","2025-09-26T06:35:27.000Z"
"","005VV0000014nmLYAQ","2025-07-07T09:49:51.000Z","USD","USD","a0iVV000002iFkRYAU","","228720.0","2025-05-31","false","","005VV0000014nmLYAQ","2025-09-26T06:35:27.000Z","SBI-0354","","Auto","228720.0","228720.0","","I-235","a0jVV000002bMHOYA2","Resolved-Paid","2025-09-26T06:35:27.000Z"
"","005VV0000014nmLYAQ","2025-07-07T09:49:51.000Z","USD","USD","a0iVV000002iFkSYAU","","160680.0","2025-06-30","false","","005VV0000014nmLYAQ","2025-09-26T06:35:27.000Z","SBI-0355","","30","160680.0","160680.0","2025-07-14","I-268","a0jVV000002bMHPYA2","Pending-Overdue","2025-09-26T06:35:27.000Z"
"","005VV0000014nmLYAQ","2025-07-11T10:15:44.000Z","USD","USD","a0iVV000002jF4zYAE","6006.0","6006.0","2025-06-30","false","","005VV0000014nmLYAQ","2025-09-26T06:35:27.000Z","SBI-0356","","30","6006.0","6006.0","","I-266","a0jVV000002laJuYAI","Pending-Overdue","2025-09-26T06:35:27.000Z"
"","005VV0000014nmLYAQ","2025-07-11T10:15:44.000Z","USD","USD","a0iVV000002jF50YAE","","20296.0","2025-04-17","false","","005VV0000014nmLYAQ","2025-09-26T06:35:27.000Z","SBI-0357","","30","20296.0","20296.0","","I-46","a0jVV000002laJsYAI","Invoiced","2025-09-26T06:35:27.000Z"
"","005VV0000014nmLYAQ","2025-09-23T10:04:54.000Z","USD","USD","a0iVV000002zP3mYAE","347400.0","347400.0","2025-06-30","false","","005VV0000014nmLYAQ","2025-09-26T06:35:27.000Z","SBI-0568","","30","347400.0","347400.0","","I-281","a0jVV000002bMGrYAM","Resolved-Paid","2025-09-26T06:35:27.000Z"
"","005VV0000014nmLYAQ","2025-09-23T10:04:54.000Z","USD","USD","a0iVV000002zP3nYAE","97720.0","97720.0","2025-06-30","false","","005VV0000014nmLYAQ","2025-09-26T06:35:27.000Z","SBI-0569","","30","97720.0","97720.0","","I-286","a0jVV000002bMGsYAM","Resolved-Paid","2025-09-26T06:35:27.000Z"
"","005VV0000014nmLYAQ","2025-09-23T10:04:54.000Z","USD","USD","a0iVV000002zP3oYAE","35200.0","35200.0","2025-06-30","false","","005VV0000014nmLYAQ","2025-09-26T06:35:27.000Z","SBI-0570","","30","35200.0","35200.0","","I-289","a0jVV000002bMGtYAM","Resolved-Paid","2025-09-26T06:35:27.000Z"
"","005VV0000014nmLYAQ","2025-09-23T10:04:54.000Z","USD","USD","a0iVV000002zP3pYAE","35656.0","35656.0","2025-06-30","false","","005VV0000014nmLYAQ","2025-09-26T06:35:27.000Z","SBI-0571","","30","35656.0","35656.0","","I-290","a0jVV000002bMGuYAM","Resolved-Paid","2025-09-26T06:35:27.000Z"
"","005VV0000014nmLYAQ","2025-09-23T10:04:54.000Z","USD","USD","a0iVV000002zP3qYAE","405600.0","405600.0","2025-05-31","false","","005VV0000014nmLYAQ","2025-09-26T06:35:27.000Z","SBI-0572","","30","405600.0","405600.0","","I-343","a0jVV000002bMGrYAM","Pending-Overdue","2025-09-26T06:35:27.000Z"
"","005VV0000014nmLYAQ","2025-09-23T10:04:54.000Z","USD","USD","a0iVV000002zP3rYAE","101680.0","101680.0","2025-05-31","false","","005VV0000014nmLYAQ","2025-09-26T06:35:27.000Z","SBI-0573","","30","101680.0","101680.0","","I-344","a0jVV000002bMGsYAM","Pending-Overdue","2025-09-26T06:35:27.000Z"
"","005VV0000014nmLYAQ","2025-09-23T10:04:54.000Z","USD","USD","a0iVV000002zP3sYAE","36960.0","36960.0","2025-07-31","false","","005VV0000014nmLYAQ","2025-09-26T06:35:27.000Z","SBI-0574","","30","36960.0","36960.0","","I-345","a0jVV000002bMGtYAM","Pending-Overdue","2025-09-26T06:35:27.000Z"
"","005VV0000014nmLYAQ","2025-09-23T10:04:54.000Z","USD","USD","a0iVV000002zP3tYAE","37424.0","37424.0","2025-07-31","false","","005VV0000014nmLYAQ","2025-09-26T06:35:27.000Z","SBI-0575","","30","37424.0","37424.0","","I-346","a0jVV000002bMGuYAM","Pending-Overdue","2025-09-26T06:35:27.000Z"
"","005VV0000014nmLYAQ","2025-09-23T10:04:54.000Z","USD","USD","a0iVV000002zP3uYAE","371200.0","371200.0","2025-09-03","false","","005VV0000014nmLYAQ","2025-09-26T06:35:27.000Z","SBI-0576","","30","371200.0","371200.0","","I-418","a0jVV000002bMGrYAM","Pending-Overdue","2025-09-26T06:35:27.000Z"
"","005VV0000014nmLYAQ","2025-09-23T10:04:54.000Z","USD","USD","a0iVV000002zP3vYAE","103640.0","103640.0","2025-09-03","false","","005VV0000014nmLYAQ","2025-09-26T06:35:27.000Z","SBI-0577","","30","103640.0","103640.0","","I-419","a0jVV000002bMGsYAM","Pending-Overdue","2025-09-26T06:35:27.000Z"
"","005VV0000014nmLYAQ","2025-09-23T10:04:54.000Z","USD","USD","a0iVV000002zP3wYAE","36960.0","36960.0","2025-09-03","false","","005VV0000014nmLYAQ","2025-09-26T06:35:27.000Z","SBI-0578","","30","36960.0","36960.0","","I-420","a0jVV000002bMGtYAM","Pending-Overdue","2025-09-26T06:35:27.000Z"
"","005VV0000014nmLYAQ","2025-09-23T10:04:54.000Z","USD","USD","a0iVV000002zP3xYAE","46376.0","46376.0","2025-09-03","false","","005VV0000014nmLYAQ","2025-09-26T06:35:27.000Z","SBI-0579","","30","46376.0","46376.0","","I-421","a0jVV000002bMGuYAM","Pending-Overdue","2025-09-26T06:35:27.000Z"
"","005VV0000014nmLYAQ","2025-09-23T10:04:54.000Z","USD","USD","a0iVV000002zP4BYAU","176040.0","176040.0","2025-06-30","false","","005VV0000014nmLYAQ","2025-09-26T06:35:27.000Z","SBI-0593","","30","176040.0","176040.0","2025-07-28","I-287","a0jVV000002bMGwYAM","Resolved-Paid","2025-09-26T06:35:27.000Z"
"","005VV0000014nmLYAQ","2025-09-23T10:04:54.000Z","USD","USD","a0iVV000002zP4CYAU","392310.0","392310.0","2025-06-30","false","","005VV0000014nmLYAQ","2025-09-26T06:35:27.000Z","SBI-0594","","30","392310.0","392310.0","2025-07-28","I-288","a0jVV000002bMGvYAM","Resolved-Paid","2025-09-26T06:35:27.000Z"
"","005VV0000014nmLYAQ","2025-09-23T10:04:54.000Z","USD","USD","a0iVV000002zP4DYAU","149140.0","149140.0","2025-08-06","false","","005VV0000014nmLYAQ","2025-09-26T06:35:27.000Z","SBI-0595","","30","149140.0","149140.0","2025-08-27","I-350","a0jVV000002bMGwYAM","Pending-Overdue","2025-09-26T06:35:27.000Z"
"","005VV0000014nmLYAQ","2025-09-23T10:04:54.000Z","USD","USD","a0iVV000002zP4EYAU","458360.0","458360.0","2025-08-07","false","","005VV0000014nmLYAQ","2025-09-26T06:35:27.000Z","SBI-0596","","30","458360.0","458360.0","2025-08-27","I-355","a0jVV000002bMGvYAM","Pending-Overdue","2025-09-26T06:35:27.000Z"
"","005VV0000014nmLYAQ","2025-09-23T10:04:54.000Z","USD","USD","a0iVV000002zP4FYAU","159814.0","159814.0","2025-09-04","false","","005VV0000014nmLYAQ","2025-09-26T06:35:27.000Z","SBI-0597","","30","159814.0","159814.0","","I-424","a0jVV000002bMGwYAM","Pending-Overdue","2025-09-26T06:35:27.000Z"
"","005VV0000014nmLYAQ","2025-09-23T10:04:54.000Z","USD","USD","a0iVV000002zP4GYAU","502200.0","502200.0","2025-09-04","false","","005VV0000014nmLYAQ","2025-09-26T06:35:27.000Z","SBI-0598","","30","502200.0","502200.0","","I-426","a0jVV000002bMGvYAM","Invoiced","2025-09-26T06:35:27.000Z"
"","005VV0000014nmLYAQ","2025-09-23T10:04:54.000Z","USD","USD","a0iVV000002zP4LYAU","132471.0","132471.0","2025-06-30","false","","005VV0000014nmLYAQ","2025-09-26T06:35:27.000Z","SBI-0603","","","132471.0","132471.0","","I-305","a0jVV000002bMGyYAM","Invoiced","2025-09-26T06:35:27.000Z"
"","005VV0000014nmLYAQ","2025-09-23T10:04:54.000Z","USD","USD","a0iVV000002zP4MYAU","156557.0","156557.0","2025-08-07","false","","005VV0000014nmLYAQ","2025-09-26T06:35:27.000Z","SBI-0604","","","156557.0","156557.0","","I-354","a0jVV000002bMGyYAM","Pending-Overdue","2025-09-26T06:35:27.000Z"
"","005VV0000014nmLYAQ","2025-09-23T10:04:54.000Z","USD","USD","a0iVV000002zP4NYAU","141446.0","141446.0","2025-09-08","false","","005VV0000014nmLYAQ","2025-09-26T06:35:27.000Z","SBI-0605","","","141446.0","141446.0","","I-437","a0jVV000002bMGyYAM","Open","2025-09-26T06:35:27.000Z"
"","005VV0000014nmLYAQ","2025-09-23T10:04:54.000Z","GBP","GBP","a0iVV000002zP4PYAU","92942.08","92942.08","2025-09-02","false","","005VV0000014nmLYAQ","2025-09-26T06:35:27.000Z","SBI-0607","","30","92942.08","92942.08","","I-396","a0jVV000002laJyYAI","Resolved-Paid","2025-09-26T06:35:27.000Z"
"","005VV0000014nmLYAQ","2025-09-23T10:04:54.000Z","USD","USD","a0iVV000002zP4QYAU","14280.0","14280.0","2025-09-02","false","","005VV0000014nmLYAQ","2025-09-26T06:35:27.000Z","SBI-0608","","30","14280.0","14280.0","","I-394","a0jVV000002upI2YAI","Resolved-Paid","2025-09-26T06:35:27.000Z"
"","005VV0000014nmLYAQ","2025-09-23T10:04:54.000Z","USD","USD","a0iVV000002zP4RYAU","44100.0","44100.0","","false","","005VV0000014nmLYAQ","2025-09-26T06:35:27.000Z","SBI-0609","","30","0.0","0.0","","I-366","a0jVV000002upI2YAI","Pending-Overdue","2025-09-26T06:35:27.000Z"
"","005VV0000014nmLYAQ","2025-09-23T10:04:54.000Z","GBP","GBP","a0iVV000002zP4SYAU","86877.44","86877.44","","false","","005VV0000014nmLYAQ","2025-09-26T06:35:27.000Z","SBI-0610","","30","0.0","0.0","","I-367","a0jVV000002laJyYAI","Invoiced","2025-09-26T06:35:27.000Z"
"","005VV0000014nmLYAQ","2025-09-23T10:04:54.000Z","AUD","AUD","a0iVV000002zP4UYAU","63520.0","63520.0","2025-06-30","false","","005VV0000014nmLYAQ","2025-09-26T06:35:27.000Z","SBI-0612","","30","63520.0","63520.0","","I-292","a0jVV000002bMoSYAU","Resolved-Paid","2025-09-26T06:35:27.000Z"
"","005VV0000014nmLYAQ","2025-09-23T10:04:54.000Z","AUD","AUD","a0iVV000002zP4WYAU","72432.0","72432.0","2025-07-31","false","","005VV0000014nmLYAQ","2025-09-26T06:35:27.000Z","SBI-0614","","30","72432.0","72432.0","","I-348","a0jVV000002bMoSYAU","Pending-Overdue","2025-09-26T06:35:27.000Z"
"","005VV0000014nmLYAQ","2025-09-23T10:04:54.000Z","AUD","AUD","a0iVV000002zP4XYAU","45680.0","45680.0","2025-09-04","false","","005VV0000014nmLYAQ","2025-09-26T06:35:27.000Z","SBI-0615","","30","45680.0","45680.0","","I-435","a0jVV000002bMoSYAU","Invoiced","2025-09-26T06:35:27.000Z"
"","005VV0000014nmLYAQ","2025-09-23T10:04:54.000Z","USD","USD","a0iVV000002zP4eYAE","171648.0","171648.0","2025-06-30","false","","005VV0000014nmLYAQ","2025-09-26T06:35:27.000Z","SBI-0622","","30","171648.0","171648.0","2025-07-25","I-312","a0jVV000002laJtYAI","Resolved-Paid","2025-09-26T06:35:27.000Z"
"","005VV0000014nmLYAQ","2025-09-23T10:04:54.000Z","USD","USD","a0iVV000002zP4fYAE","266880.0","266880.0","2025-07-31","false","","005VV0000014nmLYAQ","2025-09-26T06:35:27.000Z","SBI-0623","","30","266880.0","266880.0","","I-352","a0jVV000002laJtYAI","Pending-Overdue","2025-09-26T06:35:27.000Z"
"","005VV0000014nmLYAQ","2025-09-23T10:04:54.000Z","USD","USD","a0iVV000002zP4gYAE","341184.0","341184.0","2025-09-04","false","","005VV0000014nmLYAQ","2025-09-26T06:35:27.000Z","SBI-0624","","30","341184.0","341184.0","","I-436","a0jVV000002laJtYAI","Pending-Overdue","2025-09-26T06:35:27.000Z"
"","005VV0000014nmLYAQ","2025-09-23T10:04:54.000Z","USD","USD","a0iVV000002zP4hYAE","80010.0","80010.0","2025-09-11","false","","005VV0000014nmLYAQ","2025-09-26T06:35:27.000Z","SBI-0625","","30","80010.0","80010.0","","I-440","a0jVV000002laJwYAI","Open","2025-09-26T06:35:27.000Z"
"","005VV0000014nmLYAQ","2025-09-23T10:04:54.000Z","AUD","AUD","a0iVV000002zP4iYAE","612949.42","612949.42","2025-09-03","false","","005VV0000014nmLYAQ","2025-09-26T06:35:27.000Z","SBI-0626","","30","612949.42","612949.42","","I-422","a0jVV000002laJpYAI","Pending-Overdue","2025-09-26T06:35:27.000Z"
"","005VV0000014nmLYAQ","2025-09-23T10:04:54.000Z","AUD","AUD","a0iVV000002zP4jYAE","156054.2","156054.2","2025-09-02","false","","005VV0000014nmLYAQ","2025-09-26T06:35:27.000Z","SBI-0627","","30","156054.2","156054.2","","I-397","a0jVV000002laJpYAI","Resolved-Paid","2025-09-26T06:35:27.000Z"
"","005VV0000014nmLYAQ","2025-09-23T10:04:54.000Z","AUD","AUD","a0iVV000002zP4kYAE","449516.64","449516.64","2025-09-03","false","","005VV0000014nmLYAQ","2025-09-26T06:35:27.000Z","SBI-0628","","30","449516.64","449516.64","","I-423","a0jVV000002laJpYAI","Pending-Overdue","2025-09-26T06:35:27.000Z"
"","005VV0000014nmLYAQ","2025-09-23T10:04:54.000Z","AUD","AUD","a0iVV000002zP4lYAE","12050.38","12050.38","","false","","005VV0000014nmLYAQ","2025-09-26T06:35:27.000Z","SBI-0629","","30","0.0","0.0","","I-442","a0jVV000002laJpYAI","Resolved-Paid","2025-09-26T06:35:27.000Z"
"","005VV0000014nmLYAQ","2025-09-23T10:04:54.000Z","AUD","AUD","a0iVV000002zP4mYAE","130996.38","130996.38","","false","","005VV0000014nmLYAQ","2025-09-26T06:35:27.000Z","SBI-0630","","30","0.0","0.0","","I-341","a0jVV000002laJpYAI","Pending-Overdue","2025-09-26T06:35:27.000Z"
"","005VV0000014nmLYAQ","2025-09-23T10:04:54.000Z","USD","USD","a0iVV000002zP4vYAE","216288.0","216288.0","2025-06-30","false","","005VV0000014nmLYAQ","2025-09-26T06:35:27.000Z","SBI-0639","","Auto","216288.0","216288.0","","I-294","a0jVV000002bMHOYA2","Resolved-Paid","2025-09-26T06:35:27.000Z"
"","005VV0000014nmLYAQ","2025-09-23T10:04:54.000Z","USD","USD","a0iVV000002zP4wYAE","235440.0","235440.0","2025-07-31","false","","005VV0000014nmLYAQ","2025-09-26T06:35:27.000Z","SBI-0640","","Auto","235440.0","235440.0","","I-342","a0jVV000002bMHOYA2","Pending-Overdue","2025-09-26T06:35:27.000Z"
"","005VV0000014nmLYAQ","2025-09-23T10:04:54.000Z","USD","USD","a0iVV000002zP4xYAE","209408.0","209408.0","2025-09-02","false","","005VV0000014nmLYAQ","2025-09-26T06:35:27.000Z","SBI-0641","","Auto","209408.0","209408.0","","I-383","a0jVV000002bMHOYA2","Invoiced","2025-09-26T06:35:27.000Z"
"","005VV0000014nmLYAQ","2025-09-23T10:04:54.000Z","USD","USD","a0iVV000002zP58YAE","173810.0","173810.0","2025-08-04","false","","005VV0000014nmLYAQ","2025-09-26T06:35:27.000Z","SBI-0652","","30","173810.0","173810.0","","I-323","a0jVV000002bMHPYA2","Resolved-Paid","2025-09-26T06:35:27.000Z"
"","005VV0000014nmLYAQ","2025-09-23T10:04:54.000Z","USD","USD","a0iVV000002zP59YAE","158970.0","158970.0","2025-08-29","false","","005VV0000014nmLYAQ","2025-09-26T06:35:27.000Z","SBI-0653","","30","158970.0","158970.0","","I-385","a0jVV000002bMHPYA2","Open","2025-09-26T06:35:27.000Z"
"","005VV0000014nmLYAQ","2025-09-23T10:06:27.000Z","USD","USD","a0iVV000002zP6oYAE","89384.0","89384.0","2025-07-31","false","","005VV0000014nmLYAQ","2025-09-26T06:35:27.000Z","SBI-0655","","Auto","89384.0","89384.0","","I-324","a0jVV0000015JvaYAE","Resolved-Paid","2025-09-26T06:35:27.000Z"
"","005VV0000014nmLYAQ","2025-09-23T10:06:27.000Z","USD","USD","a0iVV000002zP6pYAE","47688.0","47688.0","2025-07-31","false","","005VV0000014nmLYAQ","2025-09-26T06:35:27.000Z","SBI-0656","","Auto","47688.0","47688.0","","I-328","a0jVV0000015JvcYAE","Pending-Overdue","2025-09-26T06:35:27.000Z"
"","005VV0000014nmLYAQ","2025-09-23T10:06:27.000Z","USD","USD","a0iVV000002zP6qYAE","65880.0","65880.0","2025-07-31","false","","005VV0000014nmLYAQ","2025-09-26T06:35:27.000Z","SBI-0657","","Auto","65880.0","65880.0","","I-325","a0jVV0000015JvbYAE","Resolved-Paid","2025-09-26T06:35:27.000Z"
"","005VV0000014nmLYAQ","2025-09-23T10:06:27.000Z","USD","USD","a0iVV000002zP6rYAE","42768.0","42768.0","2025-07-31","false","","005VV0000014nmLYAQ","2025-09-26T06:35:27.000Z","SBI-0658","","Auto","42768.0","42768.0","","I-331","a0jVV0000015JvjYAE","Pending-Overdue","2025-09-26T06:35:27.000Z"
"","005VV0000014nmLYAQ","2025-09-23T10:06:27.000Z","USD","USD","a0iVV000002zP6sYAE","55584.0","55584.0","2025-07-31","false","","005VV0000014nmLYAQ","2025-09-26T06:35:27.000Z","SBI-0659","","Auto","55584.0","55584.0","","I-332","a0jVV000002bMGXYA2","Resolved-Paid","2025-09-26T06:35:27.000Z"
"","005VV0000014nmLYAQ","2025-09-23T10:06:27.000Z","USD","USD","a0iVV000002zP6tYAE","30088.0","30088.0","2025-07-31","false","","005VV0000014nmLYAQ","2025-09-26T06:35:27.000Z","SBI-0660","","Auto","30088.0","30088.0","","I-333","a0jVV0000015JveYAE","Invoiced","2025-09-26T06:35:27.000Z"
"","005VV0000014nmLYAQ","2025-09-23T10:06:27.000Z","USD","USD","a0iVV000002zP6uYAE","33680.0","33680.0","2025-07-31","false","","005VV0000014nmLYAQ","2025-09-26T06:35:27.000Z","SBI-0661","","Auto","33680.0","33680.0","","I-334","a0jVV0000015JvfYAE","Resolved-Paid","2025-09-26T06:35:27.000Z"
"","005VV0000014nmLYAQ","2025-09-23T10:06:27.000Z","USD","USD","a0iVV000002zP6vYAE","34320.0","34320.0","2025-07-31","false","","005VV0000014nmLYAQ","2025-09-26T06:35:27.000Z","SBI-0662","","Auto","34320.0","34320.0","","I-335","a0jVV0000015JvgYAE","Resolved-Paid","2025-09-26T06:35:27.000Z"
"","005VV0000014nmLYAQ","2025-09-23T10:06:27.000Z","USD","USD","a0iVV000002zP6wYAE","33856.0","33856.0","2025-07-31","false","","005VV0000014nmLYAQ","2025-09-26T06:35:27.000Z","SBI-0663","","Auto","33856.0","33856.0","","I-336","a0jVV0000015JvhYAE","Resolved-Paid","2025-09-26T06:35:27.000Z"
"","005VV0000014nmLYAQ","2025-09-23T10:06:27.000Z","USD","USD","a0iVV000002zP6xYAE","34768.0","34768.0","2025-07-31","false","","005VV0000014nmLYAQ","2025-09-26T06:35:27.000Z","SBI-0664","","Auto","34768.0","34768.0","","I-337","a0jVV0000015JviYAE","Resolved-Paid","2025-09-26T06:35:27.000Z"
"","005VV0000014nmLYAQ","2025-09-23T10:06:27.000Z","USD","USD","a0iVV000002zP6yYAE","37840.0","37840.0","2025-07-31","false","","005VV0000014nmLYAQ","2025-09-26T06:35:27.000Z","SBI-0665","","Auto","37840.0","37840.0","","I-338","a0jVV000002bMGYYA2","Resolved-Paid","2025-09-26T06:35:27.000Z"
"","005VV0000014nmLYAQ","2025-09-23T10:06:27.000Z","USD","USD","a0iVV000002zP6zYAE","79992.0","79992.0","2025-09-03","false","","005VV0000014nmLYAQ","2025-09-26T06:35:27.000Z","SBI-0666","","Auto","79992.0","79992.0","","I-407","a0jVV0000015JvaYAE","Resolved-Paid","2025-09-26T06:35:27.000Z"
"","005VV0000014nmLYAQ","2025-09-23T10:06:27.000Z","USD","USD","a0iVV000002zP70YAE","61816.0","61816.0","2025-09-03","false","","005VV0000014nmLYAQ","2025-09-26T06:35:27.000Z","SBI-0667","","Auto","61816.0","61816.0","","I-408","a0jVV0000015JvbYAE","Resolved-Paid","2025-09-26T06:35:27.000Z"
"","005VV0000014nmLYAQ","2025-09-23T10:06:27.000Z","USD","USD","a0iVV000002zP71YAE","42960.0","42960.0","2025-09-03","false","","005VV0000014nmLYAQ","2025-09-26T06:35:27.000Z","SBI-0668","","Auto","42960.0","42960.0","","I-409","a0jVV0000015JvcYAE","Resolved-Paid","2025-09-26T06:35:27.000Z"
"","005VV0000014nmLYAQ","2025-09-23T10:06:27.000Z","USD","USD","a0iVV000002zP72YAE","38256.0","38256.0","2025-09-03","false","","005VV0000014nmLYAQ","2025-09-26T06:35:27.000Z","SBI-0669","","Auto","38256.0","38256.0","","I-410","a0jVV0000015JvjYAE","Resolved-Paid","2025-09-26T06:35:27.000Z"
"","005VV0000014nmLYAQ","2025-09-23T10:06:27.000Z","USD","USD","a0iVV000002zP73YAE","50288.0","50288.0","2025-09-06","false","","005VV0000014nmLYAQ","2025-09-26T06:35:27.000Z","SBI-0670","","Auto","50288.0","50288.0","","I-411","a0jVV000002bMGXYA2","Resolved-Paid","2025-09-26T06:35:27.000Z"
"","005VV0000014nmLYAQ","2025-09-23T10:06:27.000Z","USD","USD","a0iVV000002zP74YAE","31056.0","31056.0","2025-09-03","false","","005VV0000014nmLYAQ","2025-09-26T06:35:27.000Z","SBI-0671","","Auto","31056.0","31056.0","","I-412","a0jVV0000015JveYAE","Resolved-Paid","2025-09-26T06:35:27.000Z"
"","005VV0000014nmLYAQ","2025-09-23T10:06:27.000Z","USD","USD","a0iVV000002zP75YAE","29792.0","29792.0","2025-09-03","false","","005VV0000014nmLYAQ","2025-09-26T06:35:27.000Z","SBI-0672","","Auto","29792.0","29792.0","","I-413","a0jVV0000015JvfYAE","Resolved-Paid","2025-09-26T06:35:27.000Z"
"","005VV0000014nmLYAQ","2025-09-23T10:06:27.000Z","USD","USD","a0iVV000002zP76YAE","28784.0","28784.0","2025-09-03","false","","005VV0000014nmLYAQ","2025-09-26T06:35:27.000Z","SBI-0673","","Auto","28784.0","28784.0","","I-414","a0jVV0000015JvgYAE","Resolved-Paid","2025-09-26T06:35:27.000Z"
"","005VV0000014nmLYAQ","2025-09-23T10:06:27.000Z","USD","USD","a0iVV000002zP77YAE","22816.0","22816.0","2025-09-03","false","","005VV0000014nmLYAQ","2025-09-26T06:35:27.000Z","SBI-0674","","Auto","22816.0","22816.0","","I-415","a0jVV0000015JvhYAE","Resolved-Paid","2025-09-26T06:35:27.000Z"
"","005VV0000014nmLYAQ","2025-09-23T10:06:27.000Z","USD","USD","a0iVV000002zP78YAE","32408.0","32408.0","2025-09-03","false","","005VV0000014nmLYAQ","2025-09-26T06:35:27.000Z","SBI-0675","","Auto","32408.0","32408.0","","I-416","a0jVV0000015JviYAE","Invoiced","2025-09-26T06:35:27.000Z"
"","005VV0000014nmLYAQ","2025-09-23T10:06:27.000Z","USD","USD","a0iVV000002zP79YAE","32624.0","32624.0","2025-09-03","false","","005VV0000014nmLYAQ","2025-09-26T06:35:27.000Z","SBI-0676","","Auto","32624.0","32624.0","","I-417","a0jVV000002bMGYYA2","Invoiced","2025-09-26T06:35:27.000Z"
"","005VV0000014nmLYAQ","2025-09-23T10:06:27.000Z","USD","USD","a0iVV000002zP7AYAU","0.0","0.0","","false","","005VV0000014nmLYAQ","2025-09-26T06:35:27.000Z","SBI-0677","","Auto","0.0","0.0","","I-269","a0jVV0000015JvbYAE","Resolved-Paid","2025-09-26T06:35:27.000Z"
"","005VV0000014nmLYAQ","2025-09-23T10:06:27.000Z","USD","USD","a0iVV000002zP7SYAU","28280.0","28280.0","2025-06-30","false","","005VV0000014nmLYAQ","2025-09-26T06:35:27.000Z","SBI-0695","","45","28280.0","28280.0","2025-07-22","I-293","a0jVV000002bMGfYAM","Resolved-Paid","2025-09-26T06:35:27.000Z"
"","005VV0000014nmLYAQ","2025-09-23T10:06:27.000Z","USD","USD","a0iVV000002zP7TYAU","36480.0","36480.0","2025-06-30","false","","005VV0000014nmLYAQ","2025-09-26T06:35:27.000Z","SBI-0696","","45","36480.0","36480.0","2025-07-24","I-295","a0jVV000002bMGiYAM","Resolved-Paid","2025-09-26T06:35:27.000Z"
"","005VV0000014nmLYAQ","2025-09-23T10:06:27.000Z","USD","USD","a0iVV000002zP7UYAU","351180.0","351180.0","2025-06-30","false","","005VV0000014nmLYAQ","2025-09-26T06:35:27.000Z","SBI-0697","","45","351180.0","351180.0","2025-07-29","I-296","a0jVV000002bMGdYAM","Pending-Overdue","2025-09-26T06:35:27.000Z"
"","005VV0000014nmLYAQ","2025-09-23T10:06:27.000Z","USD","USD","a0iVV000002zP7VYAU","183420.0","183420.0","2025-06-30","false","","005VV0000014nmLYAQ","2025-09-26T06:35:27.000Z","SBI-0698","","45","183420.0","183420.0","","I-297","a0jVV000002bMGeYAM","Pending-Overdue","2025-09-26T06:35:27.000Z"
"","005VV0000014nmLYAQ","2025-09-23T10:06:27.000Z","USD","USD","a0iVV000002zP7WYAU","25900.0","25900.0","2025-07-09","false","","005VV0000014nmLYAQ","2025-09-26T06:35:27.000Z","SBI-0699","","45","25900.0","25900.0","2025-08-05","I-306","a0jVV000002bMGgYAM","Resolved-Paid","2025-09-26T06:35:27.000Z"
"","005VV0000014nmLYAQ","2025-09-23T10:06:27.000Z","USD","USD","a0iVV000002zP7XYAU","28840.0","28840.0","2025-08-06","false","","005VV0000014nmLYAQ","2025-09-26T06:35:27.000Z","SBI-0700","","45","28840.0","28840.0","","I-326","a0jVV000002bMGfYAM","Resolved-Paid","2025-09-26T06:35:27.000Z"
"","005VV0000014nmLYAQ","2025-09-23T10:06:27.000Z","USD","USD","a0iVV000002zP7YYAU","389600.0","389600.0","2025-08-06","false","","005VV0000014nmLYAQ","2025-09-26T06:35:27.000Z","SBI-0701","","45","389600.0","389600.0","","I-329","a0jVV000002bMGdYAM","Pending-Overdue","2025-09-26T06:35:27.000Z"
"","005VV0000014nmLYAQ","2025-09-23T10:06:27.000Z","USD","USD","a0iVV000002zP7ZYAU","210060.0","210060.0","2025-08-06","false","","005VV0000014nmLYAQ","2025-09-26T06:35:27.000Z","SBI-0702","","45","210060.0","210060.0","2025-09-02","I-349","a0jVV000002bMGeYAM","Pending-Overdue","2025-09-26T06:35:27.000Z"
"","005VV0000014nmLYAQ","2025-09-23T10:06:27.000Z","USD","USD","a0iVV000002zP7aYAE","47520.0","47520.0","2025-08-06","false","","005VV0000014nmLYAQ","2025-09-26T06:35:27.000Z","SBI-0703","","45","47520.0","47520.0","2025-09-02","I-327","a0jVV000002bMGiYAM","Resolved-Paid","2025-09-26T06:35:27.000Z"
"","005VV0000014nmLYAQ","2025-09-23T10:06:27.000Z","USD","USD","a0iVV000002zP7bYAE","28700.0","28700.0","2025-08-12","false","","005VV0000014nmLYAQ","2025-09-26T06:35:27.000Z","SBI-0704","","45","28700.0","28700.0","","I-357","a0jVV000002bMGgYAM","Pending-Overdue","2025-09-26T06:35:27.000Z"
"","005VV0000014nmLYAQ","2025-09-23T10:06:27.000Z","USD","USD","a0iVV000002zP7cYAE","21920.0","21920.0","2025-09-04","false","","005VV0000014nmLYAQ","2025-09-26T06:35:27.000Z","SBI-0705","","45","21920.0","21920.0","","I-429","a0jVV000002bMGfYAM","Open","2025-09-26T06:35:27.000Z"
"","005VV0000014nmLYAQ","2025-09-23T10:06:27.000Z","USD","USD","a0iVV000002zP7dYAE","207540.0","207540.0","2025-09-04","false","","005VV0000014nmLYAQ","2025-09-26T06:35:27.000Z","SBI-0706","","45","207540.0","207540.0","","I-433","a0jVV000002bMGeYAM","Pending-Overdue","2025-09-26T06:35:27.000Z"
"","005VV0000014nmLYAQ","2025-09-23T10:06:27.000Z","USD","USD","a0iVV000002zP7pYAE","69280.0","69280.0","2025-06-30","false","","005VV0000014nmLYAQ","2025-09-26T06:35:27.000Z","SBI-0718","","","69280.0","69280.0","2025-07-22","I-303","a0jVV000002bMGjYAM","Resolved-Paid","2025-09-26T06:35:27.000Z"
"","005VV0000014nmLYAQ","2025-09-23T10:06:27.000Z","USD","USD","a0iVV000002zP7qYAE","110920.0","110920.0","2025-06-30","false","","005VV0000014nmLYAQ","2025-09-26T06:35:27.000Z","SBI-0719","","","110920.0","110920.0","2025-07-22","I-304","a0jVV000002bMGlYAM","Pending-Overdue","2025-09-26T06:35:27.000Z"
"","005VV0000014nmLYAQ","2025-09-23T10:06:27.000Z","USD","USD","a0iVV000002zP7rYAE","71680.0","71680.0","2025-08-04","false","","005VV0000014nmLYAQ","2025-09-26T06:35:27.000Z","SBI-0720","","","71680.0","71680.0","","I-339","a0jVV000002bMGjYAM","Resolved-Paid","2025-09-26T06:35:27.000Z"
"","005VV0000014nmLYAQ","2025-09-23T10:06:27.000Z","USD","USD","a0iVV000002zP7sYAE","112820.0","112820.0","2025-08-04","false","","005VV0000014nmLYAQ","2025-09-26T06:35:27.000Z","SBI-0721","","","112820.0","112820.0","","I-340","a0jVV000002bMGlYAM","Resolved-Paid","2025-09-26T06:35:27.000Z"
"","005VV0000014nmLYAQ","2025-09-23T10:06:27.000Z","USD","USD","a0iVV000002zP7tYAE","60640.0","60640.0","2025-09-04","false","","005VV0000014nmLYAQ","2025-09-26T06:35:27.000Z","SBI-0722","","","60640.0","60640.0","","I-427","a0jVV000002bMGjYAM","Invoiced","2025-09-26T06:35:27.000Z"
"","005VV0000014nmLYAQ","2025-09-23T10:06:27.000Z","USD","USD","a0iVV000002zP7uYAE","114880.0","114880.0","2025-09-04","false","","005VV0000014nmLYAQ","2025-09-26T06:35:27.000Z","SBI-0723","","","114880.0","114880.0","","I-430","a0jVV000002bMGlYAM","Pending-Overdue","2025-09-26T06:35:27.000Z"
"","005VV0000014nmLYAQ","2025-09-23T10:06:27.000Z","USD","USD","a0iVV000002zP80YAE","56488.0","56488.0","2025-08-04","false","","005VV0000014nmLYAQ","2025-09-26T06:35:27.000Z","SBI-0729","","45","56488.0","56488.0","","I-347","a0jVV000002bMGmYAM","Pending-Overdue","2025-09-26T06:35:27.000Z"
"","005VV0000014nmLYAQ","2025-09-23T10:06:27.000Z","USD","USD","a0iVV000002zP81YAE","49048.0","49048.0","2025-09-08","false","","005VV0000014nmLYAQ","2025-09-26T06:35:27.000Z","SBI-0730","","45","49048.0","49048.0","","I-438","a0jVV000002bMGmYAM","Pending-Overdue","2025-09-26T06:35:27.000Z"
"","005VV0000014nmLYAQ","2025-09-23T10:06:27.000Z","CAD","CAD","a0iVV000002zP82YAE","62680.8","62680.8","2024-11-04","false","","005VV0000014nmLYAQ","2025-09-26T06:35:27.000Z","SBI-0731","","30","61486.88","61486.88","2025-07-23","I-299","a0jVV000002bMGnYAM","Pending-Overdue","2025-09-26T06:35:27.000Z"
"","005VV0000014nmLYAQ","2025-09-23T10:06:27.000Z","CAD","CAD","a0iVV000002zP83YAE","46746.0","46746.0","2024-11-29","false","","005VV0000014nmLYAQ","2025-09-26T06:35:27.000Z","SBI-0732","","30","45855.6","45855.6","2025-07-25","I-300","a0jVV000002bMGnYAM","Resolved-Paid","2025-09-26T06:35:27.000Z"
"","005VV0000014nmLYAQ","2025-09-23T10:06:27.000Z","CAD","CAD","a0iVV000002zP84YAE","37380.0","37380.0","2024-11-29","false","","005VV0000014nmLYAQ","2025-09-26T06:35:27.000Z","SBI-0733","","30","37380.0","37380.0","2025-07-21","I-302","a0jVV000002bMGoYAM","Resolved-Paid","2025-09-26T06:35:27.000Z"
"","005VV0000014nmLYAQ","2025-09-23T10:06:27.000Z","CAD","CAD","a0iVV000002zP85YAE","36708.0","36708.0","2025-12-31","false","","005VV0000014nmLYAQ","2025-09-26T06:35:27.000Z","SBI-0734","","30","36008.8","36008.8","2025-07-25","I-301","a0jVV000002bMGnYAM","Resolved-Paid","2025-09-26T06:35:27.000Z"
"","005VV0000014nmLYAQ","2025-09-23T10:06:27.000Z","CAD","CAD","a0iVV000002zP8DYAU","43344.0","43344.0","2025-04-23","false","","005VV0000014nmLYAQ","2025-09-26T06:35:27.000Z","SBI-0742","","30","42518.4","42518.4","2025-05-23","I-298","a0jVV000002bMGnYAM","Pending-Overdue","2025-09-26T06:35:27.000Z"
"","005VV0000014nmLYAQ","2025-09-23T10:06:27.000Z","CAD","CAD","a0iVV000002zP8FYAU","81738.0","81738.0","2025-06-30","false","","005VV0000014nmLYAQ","2025-09-26T06:35:27.000Z","SBI-0744","","30","81738.0","81738.0","","I-282","a0jVV000002bMGoYAM","Resolved-Paid","2025-09-26T06:35:27.000Z"
"","005VV0000014nmLYAQ","2025-09-23T10:06:27.000Z","CAD","CAD","a0iVV000002zP8GYAU","45780.0","45780.0","2025-08-04","false","","005VV0000014nmLYAQ","2025-09-26T06:35:27.000Z","SBI-0745","","30","44908.0","44908.0","2025-08-20","I-322","a0jVV000002bMGoYAM","Resolved-Paid","2025-09-26T06:35:27.000Z"
"","005VV0000014nmLYAQ","2025-09-23T10:06:27.000Z","CAD","CAD","a0iVV000002zP8HYAU","10374.0","10374.0","2025-08-04","false","","005VV0000014nmLYAQ","2025-09-26T06:35:27.000Z","SBI-0746","","30","10374.0","10374.0","","I-330","a0jVV000002laJuYAI","Resolved-Paid","2025-09-26T06:35:27.000Z"
"","005VV0000014nmLYAQ","2025-09-23T10:06:27.000Z","CAD","CAD","a0iVV000002zP8IYAU","2047.5","2047.5","2025-09-02","false","","005VV0000014nmLYAQ","2025-09-26T06:35:27.000Z","SBI-0747","","30","2047.5","2047.5","2025-09-05","I-356","a0jVV000002laJuYAI","Pending-Overdue","2025-09-26T06:35:27.000Z"
"","005VV0000014nmLYAQ","2025-09-23T10:06:27.000Z","CAD","CAD","a0iVV000002zP8JYAU","49434.0","49434.0","2025-09-11","false","","005VV0000014nmLYAQ","2025-09-26T06:35:27.000Z","SBI-0748","","30","49434.0","49434.0","","I-441","a0jVV000002bMGoYAM","Resolved-Paid","2025-09-26T06:35:27.000Z"
"","005VV0000014nmLYAQ","2025-09-25T11:31:01.000Z","USD","USD","a0iVV000002ztjBYAQ","28000.0","28000.0","2024-11-29","false","","005VV0000014nmLYAQ","2025-09-26T06:35:27.000Z","SBI-0752","","45","28000.0","28000.0","","I-311","a0jVV0000036ym9YAA","Resolved-Paid","2025-09-26T06:35:27.000Z"
"","005VV0000014nmLYAQ","2025-09-25T11:31:01.000Z","USD","USD","a0iVV000002ztjCYAQ","31500.0","31500.0","2024-12-31","false","","005VV0000014nmLYAQ","2025-09-26T06:35:27.000Z","SBI-0753","","45","31500.0","31500.0","","I-310","a0jVV0000036ym9YAA","Resolved-Paid","2025-09-26T06:35:27.000Z"
"","005VV0000014nmLYAQ","2025-09-25T11:31:01.000Z","USD","USD","a0iVV000002ztjDYAQ","26600.0","26600.0","2025-07-09","false","","005VV0000014nmLYAQ","2025-09-26T06:35:27.000Z","SBI-0754","","45","26600.0","26600.0","","I-308","a0jVV0000036ym9YAA","Resolved-Paid","2025-09-26T06:35:27.000Z"
"","005VV0000014nmLYAQ","2025-09-25T11:31:01.000Z","USD","USD","a0iVV000002ztjEYAQ","32900.0","32900.0","2025-07-09","false","","005VV0000014nmLYAQ","2025-09-26T06:35:27.000Z","SBI-0755","","45","32900.0","32900.0","","I-307","a0jVV0000036ym9YAA","Resolved-Paid","2025-09-26T06:35:27.000Z"
"","005VV0000014nmLYAQ","2025-09-25T11:31:01.000Z","USD","USD","a0iVV000002ztjFYAQ","326440.0","326440.0","2025-09-09","false","","005VV0000014nmLYAQ","2025-09-26T06:35:27.000Z","SBI-0756","","45","326440.0","326440.0","","I-432","a0jVV0000036yqzYAA","Pending-Overdue","2025-09-26T06:35:27.000Z"
"","005VV0000014nmLYAQ","2025-09-25T11:31:01.000Z","USD","USD","a0iVV000002ztjGYAQ","1920.0","1920.0","2025-09-04","false","","005VV0000014nmLYAQ","2025-09-26T06:35:27.000Z","SBI-0757","","45","1920.0","1920.0","","I-434","a0jVV0000036yuDYAQ","Pending-Overdue","2025-09-26T06:35:27.000Z"
"","005VV0000014nmLYAQ","2025-09-26T05:44:04.000Z","USD","USD","a0iVV00000305u1YAA","100.0","100.0","2025-10-15","false","","005VV0000014nmLYAQ","2025-09-26T05:45:10.000Z","SBI-0758","","15","100.0","100.0","2025-09-27","I-471","a0jVV0000037EqvYAE","Invoiced","2025-09-26T05:45:10.000Z"
